"Country_iso","Country","Industry_specific","Year","GVA_total_lcu","Currency_iso","Country_short","Industry_simple","GDP_annual_lcu","Exch_rate","GVA_annual_usd","GDP_annual_usd","GVA_perc_GDP_usd","GVA_perc_GDP_lcu","GVA_change_relative","GVA_change_rel_mean","GVA_mean_usd","GVA_mean_lcu","GVA_perc_GDP_usd_mean","GVA_perc_GDP_lcu_mean","national_industry_gva_usd","GDP_mean_usd","GDP_mean_lcu","industry_total_gva_usd","industry_annual_gva_sum_usd","industry_annual_gva_mean_usd","n_country"
"AUS","Australia","Forestry and fishing",2020,8.014e+09,"AUD","AUS","Fishing",2.191416e+12,1.453085,5515162567.91585,1508112739447.45,0.365699620701866,0.365699620701866,NA,4.27108565020898,5780597853.32165,8.14e+09,0.361017075474399,0.361017075474399,17341793559.9649,1603805552541.76,2228543250000,243569231130.509,61177587088.7189,1747931059.67768,35
"AUS","Australia","Forestry and fishing",2021,7.763e+09,"AUD","AUS","Fishing",2.237695e+12,1.331224,5831475394.07342,1680930482022.56,0.346919486346441,0.346919486346441,5.73533095828777,4.27108565020898,5780597853.32165,8.14e+09,0.361017075474399,0.361017075474399,17341793559.9649,1603805552541.76,2228543250000,243569231130.509,61816734035.4948,2377566693.67288,26
"AUS","Australia","Forestry and fishing",2022,8.643e+09,"AUD","AUS","Fishing",2.333221e+12,1.441664,5995155597.97567,1618422184364.73,0.37043211937489,0.37043211937489,2.80684034213019,4.27108565020898,5780597853.32165,8.14e+09,0.361017075474399,0.361017075474399,17341793559.9649,1603805552541.76,2228543250000,243569231130.509,27763803959.5156,2135677227.65505,13
"AUS","Australia","Mining and quarrying",2018,1.91864e+11,"AUD","AUS","Mining",2.151841e+12,1.338412,143351972337.367,1607756804332.3,8.91627215951364,8.91627215951364,NA,NA,143351972337.367,1.91864e+11,8.91627215951364,8.91627215951364,143351972337.367,1603805552541.76,2228543250000,2583524074697.47,217463225233.476,19769384112.1342,11
"AUT","Austria","Fishing and aquaculture",2019,33850000,"EUR","AUT","Fishing",373091240000,0.893276,37894223.0620771,417666253207.295,0.00907284770341968,0.00907284770341968,NA,3.591403036982,38574690.2010232,33520000,0.00910670845334282,0.00910670845334282,77149380.4020464,423563503164.569,368098865000,243569231130.509,52005149321.203,2000198050.8155,26
"AUT","Austria","Fishing and aquaculture",2021,33190000,"EUR","AUT","Fishing",363106490000,0.845494,39255157.3399693,429460753121.844,0.00914056920326596,0.00914056920326596,3.591403036982,3.591403036982,38574690.2010232,33520000,0.00910670845334282,0.00910670845334282,77149380.4020464,423563503164.569,368098865000,243569231130.509,61816734035.4948,2377566693.67288,26
"BEL","Belgium","Fishing and aquaculture",2018,47400000,"EUR","BEL","Fishing",436502400000,0.846773,55977221.7583697,515489275165.835,0.0108590468231103,0.0108590468231103,NA,-9.19922729482508,53402485.8269294,45950000,0.0106919879431355,0.0106919879431355,106804971.653859,510915226979.475,437026733333.333,243569231130.509,40805956725.5762,1457355597.34201,28
"BEL","Belgium","Fishing and aquaculture",2020,44500000,"EUR","BEL","Fishing",422805700000,0.875506,50827749.895489,482927244359.262,0.0105249290631607,0.0105249290631607,-9.19922729482508,-9.19922729482508,53402485.8269294,45950000,0.0106919879431355,0.0106919879431355,106804971.653859,510915226979.475,437026733333.333,243569231130.509,61177587088.7189,1747931059.67768,35
"BEL","Belgium","Mining and quarrying",2021,305400000,"EUR","BEL","Mining",451772100000,0.845494,361208950.033945,534329161413.328,0.0676004560706604,0.0676004560706604,NA,NA,361208950.033945,305400000,0.0676004560706604,0.0676004560706604,361208950.033945,510915226979.475,437026733333.333,2583524074697.47,641603379258.885,33768598908.3624,19
"BLZ","Belize","Fishing and aquaculture",2019,24100000,"BZD","Belize","Fishing",4537117813.50779,2,12050000,2268558906.75389,0.531174216553295,0.531174216553295,NA,-1.75663085874095,10987500,21975000,0.487283982667114,0.487283982667114,43950000,2260080497.40723,4520160994.81447,243569231130.509,52005149321.203,2000198050.8155,26
"BLZ","Belize","Fishing and aquaculture",2020,18300000,"BZD","Belize","Fishing",3914094811.27876,2,9150000,1957047405.63938,0.46754105054551,0.46754105054551,-24.0663900414938,-1.75663085874095,10987500,21975000,0.487283982667114,0.487283982667114,43950000,2260080497.40723,4520160994.81447,243569231130.509,61177587088.7189,1747931059.67768,35
"BLZ","Belize","Fishing and aquaculture",2021,24900000,"BZD","Belize","Fishing",4613247955.32708,2,12450000,2306623977.66354,0.539749873432385,0.539749873432385,36.0655737704918,-1.75663085874095,10987500,21975000,0.487283982667114,0.487283982667114,43950000,2260080497.40723,4520160994.81447,243569231130.509,61816734035.4948,2377566693.67288,26
"BLZ","Belize","Fishing and aquaculture",2022,20600000,"BZD","Belize","Fishing",5016183399.14424,2,10300000,2508091699.57212,0.410670790137266,0.410670790137266,-17.2690763052209,-1.75663085874095,10987500,21975000,0.487283982667114,0.487283982667114,43950000,2260080497.40723,4520160994.81447,243569231130.509,27763803959.5156,2135677227.65505,13
"BLZ","Belize","Mining and quarrying",2019,61600000,"BZD","Belize","Mining",4537117813.50779,2,30800000,2268558906.75389,1.35769011367979,1.35769011367979,NA,10.6927952473685,27287500,54575000,1.19632987666892,1.19632987666892,109150000,2260080497.40723,4520160994.81447,2583524074697.47,731003554610.723,34809693076.7011,21
"BLZ","Belize","Mining and quarrying",2020,34600000,"BZD","Belize","Mining",3914094811.27876,2,17300000,1957047405.63938,0.88398471851774,0.88398471851774,-43.8311688311688,10.6927952473685,27287500,54575000,1.19632987666892,1.19632987666892,109150000,2260080497.40723,4520160994.81447,2583524074697.47,522585757885.558,27504513572.9241,19
"BLZ","Belize","Mining and quarrying",2021,62900000,"BZD","Belize","Mining",4613247955.32708,2,31450000,2306623977.66354,1.36346453971474,1.36346453971474,81.7919075144509,10.6927952473685,27287500,54575000,1.19632987666892,1.19632987666892,109150000,2260080497.40723,4520160994.81447,2583524074697.47,641603379258.885,33768598908.3624,19
"BLZ","Belize","Mining and quarrying",2022,59200000,"BZD","Belize","Mining",5016183399.14424,2,29600000,2508091699.57212,1.1801801347634,1.1801801347634,-5.88235294117647,10.6927952473685,27287500,54575000,1.19632987666892,1.19632987666892,109150000,2260080497.40723,4520160994.81447,2583524074697.47,470868157708.832,29429259856.802,16
"BGR","Bulgaria","Fishing and aquaculture",2018,25830000,"BGN","BGR","Fishing",97371599000,1.657042,15588017.6845246,58762299929.6337,0.0265272423019365,0.0265272423019365,NA,55.2464836754884,19893933.5072312,33682500,0.0346111369991153,0.0346111369991153,39787867.0144623,58659360077.6564,101137303000,243569231130.509,40805956725.5762,1457355597.34201,28
"BGR","Bulgaria","Fishing and aquaculture",2020,41535000,"BGN","BGR","Fishing",97282982000,1.716333,24199849.3299377,56680715222.5122,0.042695031696294,0.042695031696294,55.2464836754884,55.2464836754884,19893933.5072312,33682500,0.0346111369991153,0.0346111369991153,39787867.0144623,58659360077.6564,101137303000,243569231130.509,61177587088.7189,1747931059.67768,35
"BGR","Bulgaria","Mining and quarrying; manufacturing; electricity, gas, steam and air conditioning supply; water supply; sewerage, waste management and remediation activities",2019,1.9178e+10,"BGN","BGR","Mining",101300727000,1.747042,10977412105.7193,57984139476.8987,18.9317496211059,18.9317496211059,NA,0.681955726544661,10817277489.2604,18877250000,18.3096768169246,18.3096768169246,43269109957.0414,58659360077.6564,101137303000,2583524074697.47,731003554610.723,34809693076.7011,21
"BGR","Bulgaria","Mining and quarrying; manufacturing; electricity, gas, steam and air conditioning supply; water supply; sewerage, waste management and remediation activities",2020,1.7357e+10,"BGN","BGR","Mining",97282982000,1.716333,10112839408.2034,56680715222.5122,17.841763937705,17.841763937705,-7.87592457301847,0.681955726544661,10817277489.2604,18877250000,18.3096768169246,18.3096768169246,43269109957.0414,58659360077.6564,101137303000,2583524074697.47,522585757885.558,27504513572.9241,19
"BGR","Bulgaria","Mining and quarrying; manufacturing; electricity, gas, steam and air conditioning supply; water supply; sewerage, waste management and remediation activities",2021,1.8286e+10,"BGN","BGR","Mining",104736559000,1.653775,11057126876.3889,63331806926.5771,17.4590421669286,17.4590421669286,9.33751076299555,0.681955726544661,10817277489.2604,18877250000,18.3096768169246,18.3096768169246,43269109957.0414,58659360077.6564,101137303000,2583524074697.47,641603379258.885,33768598908.3624,19
"BGR","Bulgaria","Mining and quarrying; manufacturing; electricity, gas, steam and air conditioning supply; water supply; sewerage, waste management and remediation activities",2022,2.0688e+10,"BGN","BGR","Mining",108848969000,1.860142,11121731566.7299,58516483687.8045,19.006151541959,19.006151541959,0.584280989656904,0.681955726544661,10817277489.2604,18877250000,18.3096768169246,18.3096768169246,43269109957.0414,58659360077.6564,101137303000,2583524074697.47,470868157708.832,29429259856.802,16
"CAN","Canada","Fishing and aquaculture",2018,2.299e+09,"CAD","Canada","Fishing",2128965328000,1.295818,1774168903.34908,1642950883534.57,0.107986728095743,0.107986728095743,NA,-36.5815020784864,1449660086.22183,1.904e+09,0.0906144949115765,0.0906144949115765,2899320172.44366,1635146147084.13,2140069671000,243569231130.509,40805956725.5762,1457355597.34201,28
"CAN","Canada","Fishing and aquaculture",2020,1.509e+09,"CAD","Canada","Fishing",2060285912000,1.341153,1125151269.09458,1536204975867.78,0.0732422617274102,0.0732422617274102,-36.5815020784864,-36.5815020784864,1449660086.22183,1.904e+09,0.0906144949115765,0.0906144949115765,2899320172.44366,1635146147084.13,2140069671000,243569231130.509,61177587088.7189,1747931059.67768,35
"CAN","Canada","Mining, quarrying, and oil and gas extraction",2019,1.08512e+11,"CAD","Canada","Mining",2169595182000,1.326793,81785176738.195,1635217537324.96,5.0014860329829,5.0014860329829,NA,2.14503351451127,81874066527.0087,106802500000,4.93674721414763,4.93674721414763,327496266108.035,1635146147084.13,2140069671000,2583524074697.47,731003554610.723,34809693076.7011,21
"CAN","Canada","Mining, quarrying, and oil and gas extraction",2020,9.9944e+10,"CAD","Canada","Mining",2060285912000,1.341153,74520953239.4887,1536204975867.78,4.85097720747799,4.85097720747799,-8.88207837706343,2.14503351451127,81874066527.0087,106802500000,4.93674721414763,4.93674721414763,327496266108.035,1635146147084.13,2140069671000,2583524074697.47,522585757885.558,27504513572.9241,19
"CAN","Canada","Mining, quarrying, and oil and gas extraction",2021,1.06757e+11,"CAD","Canada","Mining",2169212340000,1.253877,85141525045.9176,1730004091310.39,4.92146379731548,4.92146379731548,14.2517927438441,2.14503351451127,81874066527.0087,106802500000,4.93674721414763,4.93674721414763,327496266108.035,1635146147084.13,2140069671000,2583524074697.47,641603379258.885,33768598908.3624,19
"CAN","Canada","Mining, quarrying, and oil and gas extraction",2022,1.11997e+11,"CAD","Canada","Mining",2252073352000,1.301555,86048611084.4336,1730294418599.29,4.97306181881415,4.97306181881415,1.06538617675316,2.14503351451127,81874066527.0087,106802500000,4.93674721414763,4.93674721414763,327496266108.035,1635146147084.13,2140069671000,2583524074697.47,470868157708.832,29429259856.802,16
"CHL","Chile","Fishing and aquaculture",2018,1390152740000,"CLP","Chile","Fishing",189434867410000,641.276813,2167788873.41433,295402646048.891,0.733842063505261,0.733842063505261,NA,8.53487345629969,1759196131.09602,1336825970000,0.69272997308097,0.69272997308097,5277588393.28805,254954119528.344,193427653282500,243569231130.509,40805956725.5762,1457355597.34201,28
"CHL","Chile","Fishing and aquaculture",2020,939492923000,"CLP","Chile","Fishing",179114865010000,792.727206,1185140254.91892,225947669834.357,0.524519795131213,0.524519795131213,-45.3295351104793,8.53487345629969,1759196131.09602,1336825970000,0.69272997308097,0.69272997308097,5277588393.28805,254954119528.344,193427653282500,243569231130.509,61177587088.7189,1747931059.67768,35
"CHL","Chile","Fishing and aquaculture",2022,1680832247000,"CLP","Chile","Fishing",205022531890000,873.31419,1924659264.9548,234763770287.53,0.819828060606437,0.819828060606437,62.3992820230787,8.53487345629969,1759196131.09602,1336825970000,0.69272997308097,0.69272997308097,5277588393.28805,254954119528.344,193427653282500,243569231130.509,27763803959.5156,2135677227.65505,13
"CHL","Chile","Mining and quarrying",2021,33783590392000,"CLP","Chile","Mining",200138348820000,758.955379,44513276177.729,263702391942.597,16.8801184736386,16.8801184736386,NA,NA,44513276177.729,33783590392000,16.8801184736386,16.8801184736386,44513276177.729,254954119528.344,193427653282500,2583524074697.47,641603379258.885,33768598908.3624,19
"COL","Colombia","Fishing and aquaculture",2018,1.909e+12,"COP","COL","Fishing",8.54008e+14,2955.70397,645869823.018846,288935566169.03,0.223534205768564,0.223534205768564,NA,14.6989270583379,693337790.107524,2.3225e+12,0.279144429863476,0.279144429863476,1386675580.21505,266389750916.148,8.41777e+14,243569231130.509,40805956725.5762,1457355597.34201,28
"COL","Colombia","Fishing and aquaculture",2020,2.736e+12,"COP","COL","Fishing",8.17315e+14,3693.275833,740805757.196202,221298120410.385,0.334754653958388,0.334754653958388,14.6989270583379,14.6989270583379,693337790.107524,2.3225e+12,0.279144429863476,0.279144429863476,1386675580.21505,266389750916.148,8.41777e+14,243569231130.509,61177587088.7189,1747931059.67768,35
"COL","Colombia","Mining and quarrying",2018,5.7788e+13,"COP","COL","Mining",8.54008e+14,2955.70397,19551349047.9901,288935566169.03,6.76668134256354,6.76668134256354,NA,NA,19551349047.9901,5.7788e+13,6.76668134256354,6.76668134256354,19551349047.9901,266389750916.148,8.41777e+14,2583524074697.47,217463225233.476,19769384112.1342,11
"CRI","Costa Rica","Fishing and aquaculture",2019,17894457000,"CRC","CRI","Fishing",36094025075000,587.294596,30469303.0071743,61458125650.7935,0.0495773385285154,0.0495773385285154,NA,8.28186301792823,31731015.9759601,19187919500,0.0522483663563953,0.0522483663563953,63462031.9519202,60201841201.2886,35979718951157.4,243569231130.509,52005149321.203,2000198050.8155,26
"CRI","Costa Rica","Fishing and aquaculture",2021,20481382000,"CRC","CRI","Fishing",37293532283472.2,620.78472,32992728.9447459,60074823174.5656,0.0549193941842751,0.0549193941842751,8.28186301792823,8.28186301792823,31731015.9759601,19187919500,0.0522483663563953,0.0522483663563953,63462031.9519202,60201841201.2886,35979718951157.4,243569231130.509,61816734035.4948,2377566693.67288,26
"CRI","Costa Rica","Mining and quarrying",2020,119446983000,"CRC","CRI","Mining",34551599495000,584.900855,204217487.423574,59072574778.5067,0.345706088128526,0.345706088128526,NA,NA,204217487.423574,119446983000,0.345706088128526,0.345706088128526,204217487.423574,60201841201.2886,35979718951157.4,2583524074697.47,522585757885.558,27504513572.9241,19
"HRV","Croatia","Fishing and aquaculture",2019,113648000,"EUR","HRV","Fishing",52184328934.6017,0.878963,129297820.272298,59370336333.3857,0.217781855818105,0.217781855818105,NA,15.8195629064714,139524995.279634,120029000,0.225340950718213,0.225340950718213,279049990.559269,61409607596.6056,52309791124.0616,243569231130.509,52005149321.203,2000198050.8155,26
"HRV","Croatia","Fishing and aquaculture",2021,126410000,"EUR","HRV","Fishing",54276502893.9333,0.844128,149752170.286971,64298901225.8014,0.232900045618321,0.232900045618321,15.8195629064714,15.8195629064714,139524995.279634,120029000,0.225340950718213,0.225340950718213,279049990.559269,61409607596.6056,52309791124.0616,243569231130.509,61816734035.4948,2377566693.67288,26
"HRV","Croatia","Mining and quarrying",2018,164782000,"EUR","HRV","Mining",50468541543.6499,0.83337,197729699.893205,60559585230.6297,0.326504382650886,0.326504382650886,NA,NA,197729699.893205,164782000,0.326504382650886,0.326504382650886,197729699.893205,61409607596.6056,52309791124.0616,2583524074697.47,217463225233.476,19769384112.1342,11
"CYP","Cyprus","Fishing and aquaculture",2019,40500000,"EUR","Cyprus","Fishing",22495116000,0.893276,45338730.6946565,25182716204.1743,0.18003908048307,0.18003908048307,NA,NA,45338730.6946565,40500000,0.18003908048307,0.18003908048307,45338730.6946565,25182716204.1743,22495116000,243569231130.509,52005149321.203,2000198050.8155,26
"CYP","Cyprus","Mining and quarrying",2019,2.7e+07,"EUR","Cyprus","Mining",22495116000,0.893276,30225820.4631043,25182716204.1743,0.12002605365538,0.12002605365538,NA,NA,30225820.4631043,2.7e+07,0.12002605365538,0.12002605365538,30225820.4631043,25182716204.1743,22495116000,2583524074697.47,731003554610.723,34809693076.7011,21
"CZE","Czechia","Fishing and aquaculture",2019,6.85e+08,"CZK","CZE","Fishing",5.304483e+12,22.93225,29870597.0848914,231311057571.76,0.0129136053409918,0.0129136053409918,NA,-28.9618945915142,25545051.6641003,572500000,0.0108878239033717,0.0108878239033717,51090103.3282006,235894876137.125,5.21455e+12,243569231130.509,52005149321.203,2000198050.8155,26
"CZE","Czechia","Fishing and aquaculture",2021,4.6e+08,"CZK","CZE","Fishing",5.190677e+12,21.678167,21219506.2433092,239442615235.873,0.00886204246575158,0.00886204246575158,-28.9618945915142,-28.9618945915142,25545051.6641003,572500000,0.0108878239033717,0.0108878239033717,51090103.3282006,235894876137.125,5.21455e+12,243569231130.509,61816734035.4948,2377566693.67288,26
"CZE","Czechia","Mining and quarrying",2018,3.3162e+10,"CZK","CZE","Mining",5.14849e+12,21.729917,1526098788.13619,236930955603.742,0.644111185998225,0.644111185998225,NA,NA,1526098788.13619,3.3162e+10,0.644111185998225,0.644111185998225,1526098788.13619,235894876137.125,5.21455e+12,2583524074697.47,217463225233.476,19769384112.1342,11
"DNK","Denmark","Fishing and aquaculture",2018,2.407e+09,"DKK","DNK","Fishing",2204790662000,6.314619,381178975.326936,349156562256.567,0.109171362228855,0.109171362228855,NA,-22.8064230811327,337712330.422242,2.166e+09,0.0986669893342946,0.0986669893342946,675424660.844484,341454955959.44,2194127903000,243569231130.509,40805956725.5762,1457355597.34201,28
"DNK","Denmark","Fishing and aquaculture",2020,1.925e+09,"DKK","DNK","Fishing",2183465144000,6.542152,294245685.517548,333753349662.313,0.0881626164397337,0.0881626164397337,-22.8064230811327,-22.8064230811327,337712330.422242,2.166e+09,0.0986669893342946,0.0986669893342946,675424660.844484,341454955959.44,2194127903000,243569231130.509,61177587088.7189,1747931059.67768,35
"EST","Estonia","Fishing and aquaculture",2018,38500000,"EUR","EST","Fishing",23367100000,0.846773,45466730.7531062,27595471277.4262,0.164761566475943,0.164761566475943,NA,-5.16708889338145,40623184.836592,36116666.6666667,0.148246275843302,0.148246275843302,121869554.509776,27399469099.0366,24392830333.3333,243569231130.509,40805956725.5762,1457355597.34201,28
"EST","Estonia","Fishing and aquaculture",2020,31940000,"EUR","EST","Fishing",24107393000,0.875506,36481760.2620656,27535382967.107,0.132490477091405,0.132490477091405,-19.7616374483375,-5.16708889338145,40623184.836592,36116666.6666667,0.148246275843302,0.148246275843302,121869554.509776,27399469099.0366,24392830333.3333,243569231130.509,61177587088.7189,1747931059.67768,35
"EST","Estonia","Fishing and aquaculture",2022,37910000,"EUR","EST","Fishing",25703998000,0.949624,39921063.4946042,27067553052.5766,0.147486783962557,0.147486783962557,9.42745966157459,-5.16708889338145,40623184.836592,36116666.6666667,0.148246275843302,0.148246275843302,121869554.509776,27399469099.0366,24392830333.3333,243569231130.509,27763803959.5156,2135677227.65505,13
"FJI","Fiji","Fishing and aquaculture",2019,66200000,"FJD","Fiji","Fishing",10671183004.3283,2.1603985319813,30642494.4379535,4939451145.8688,0.620362334458596,0.620362334458596,NA,-4.26883874891727,27194056.6197851,58750000,0.619256870594324,0.619256870594324,108776226.47914,4403235620.18538,9512743769.81626,243569231130.509,52005149321.203,2000198050.8155,26
"FJI","Fiji","Fishing and aquaculture",2020,61100000,"FJD","Fiji","Fishing",8852827195.96947,2.1603985319813,28281818.8845765,4097775047.01901,0.690174998872877,0.690174998872877,-7.70392749244713,-4.26883874891727,27194056.6197851,58750000,0.619256870594324,0.619256870594324,108776226.47914,4403235620.18538,9512743769.81626,243569231130.509,61177587088.7189,1747931059.67768,35
"FJI","Fiji","Fishing and aquaculture",2021,50900000,"FJD","Fiji","Fishing",8420717508.57796,2.1603985319813,23560467.7778223,3897761169.4891,0.604461555065225,0.604461555065225,-16.6939443535188,-4.26883874891727,27194056.6197851,58750000,0.619256870594324,0.619256870594324,108776226.47914,4403235620.18538,9512743769.81626,243569231130.509,61816734035.4948,2377566693.67288,26
"FJI","Fiji","Fishing and aquaculture",2022,56800000,"FJD","Fiji","Fishing",10106247370.3893,2.1603985319813,26291445.3787879,4677955118.3646,0.562028593980597,0.562028593980597,11.5913555992141,-4.26883874891727,27194056.6197851,58750000,0.619256870594324,0.619256870594324,108776226.47914,4403235620.18538,9512743769.81626,243569231130.509,27763803959.5156,2135677227.65505,13
"FJI","Fiji","Mining and quarrying",2019,60700000,"FJD","Fiji","Mining",10671183004.3283,2.1603985319813,28096667.8607822,4939451145.8688,0.568821657124423,0.568821657124423,NA,-8.86542317343355,25215255.0529837,54475000,0.577857696969458,0.577857696969458,100861020.211935,4403235620.18538,9512743769.81626,2583524074697.47,731003554610.723,34809693076.7011,21
"FJI","Fiji","Mining and quarrying",2020,57800000,"FJD","Fiji","Mining",8852827195.96947,2.1603985319813,26754322.9382736,4097775047.01901,0.652898771437844,0.652898771437844,-4.77759472817133,-8.86542317343355,25215255.0529837,54475000,0.577857696969458,0.577857696969458,100861020.211935,4403235620.18538,9512743769.81626,2583524074697.47,522585757885.558,27504513572.9241,19
"FJI","Fiji","Mining and quarrying",2021,53600000,"FJD","Fiji","Mining",8420717508.57796,2.1603985319813,24810237.1884337,3897761169.4891,0.636525331070649,0.636525331070649,-7.26643598615917,-8.86542317343355,25215255.0529837,54475000,0.577857696969458,0.577857696969458,100861020.211935,4403235620.18538,9512743769.81626,2583524074697.47,641603379258.885,33768598908.3624,19
"FJI","Fiji","Mining and quarrying",2022,45800000,"FJD","Fiji","Mining",10106247370.3893,2.1603985319813,21199792.2244452,4677955118.3646,0.453185028244918,0.453185028244918,-14.5522388059701,-8.86542317343355,25215255.0529837,54475000,0.577857696969458,0.577857696969458,100861020.211935,4403235620.18538,9512743769.81626,2583524074697.47,470868157708.832,29429259856.802,16
"FIN","Finland","Fishing and aquaculture",2019,1.15e+08,"EUR","FIN","Fishing",2.296e+11,0.893276,128739605.676185,257031421419.584,0.0500871080139373,0.0500871080139373,NA,24.0255221002263,144204786.882923,1.25e+08,0.054320606003013,0.054320606003013,288409573.765846,258824615361.841,231493333333.333,243569231130.509,52005149321.203,2000198050.8155,26
"FIN","Finland","Fishing and aquaculture",2021,1.35e+08,"EUR","FIN","Fishing",2.30556e+11,0.845494,159669968.089661,272687919725.036,0.0585541039920887,0.0585541039920887,24.0255221002263,24.0255221002263,144204786.882923,1.25e+08,0.054320606003013,0.054320606003013,288409573.765846,258824615361.841,231493333333.333,243569231130.509,61816734035.4948,2377566693.67288,26
"FIN","Finland","Mining and quarrying",2022,1.148e+09,"EUR","FIN","Mining",2.34324e+11,0.949624,1208899522.33726,246754504940.903,0.489919939912258,0.489919939912258,NA,NA,1208899522.33726,1.148e+09,0.489919939912258,0.489919939912258,1208899522.33726,258824615361.841,231493333333.333,2583524074697.47,470868157708.832,29429259856.802,16
"FRA","France","Fishing and aquaculture",2019,8.45e+08,"EUR","France","Fishing",2358523734000,0.893276,945956233.011969,2640307960809.43,0.0358274961501829,0.0358274961501829,NA,-2.22559541991368,935429653.713818,813500000,0.0347598511740748,0.0347598511740748,1870859307.42764,2666099148792.9,2309265698666.67,243569231130.509,52005149321.203,2000198050.8155,26
"FRA","France","Fishing and aquaculture",2021,7.82e+08,"EUR","France","Fishing",2321011558000,0.845494,924903074.415667,2745154380752.55,0.0336922061979667,0.0336922061979667,-2.22559541991368,-2.22559541991368,935429653.713818,813500000,0.0347598511740748,0.0347598511740748,1870859307.42764,2666099148792.9,2309265698666.67,243569231130.509,61816734035.4948,2377566693.67288,26
"FRA","France","Mining and quarrying",2018,2e+09,"EUR","France","Mining",2315843393000,0.846773,2361908091.07045,2734904623789.37,0.0863616255764666,0.0863616255764666,NA,-2.94662225768713,2167881232.13416,1.875e+09,0.0816675381347401,0.0816675381347401,8671524928.53662,2666099148792.9,2309265698666.67,2583524074697.47,217463225233.476,19769384112.1342,11
"FRA","France","Mining and quarrying",2019,2e+09,"EUR","France","Mining",2358523734000,0.893276,2238949663.93366,2640307960809.43,0.0847988074560542,0.0847988074560542,-5.20589381109533,-2.94662225768713,2167881232.13416,1.875e+09,0.0816675381347401,0.0816675381347401,8671524928.53662,2666099148792.9,2309265698666.67,2583524074697.47,731003554610.723,34809693076.7011,21
"FRA","France","Mining and quarrying",2020,1.7e+09,"EUR","France","Mining",2180680215000,0.875506,1941734265.67037,2490765585844.07,0.0779573267233958,0.0779573267233958,-13.2747691049519,-2.94662225768713,2167881232.13416,1.875e+09,0.0816675381347401,0.0816675381347401,8671524928.53662,2666099148792.9,2309265698666.67,2583524074697.47,522585757885.558,27504513572.9241,19
"FRA","France","Mining and quarrying",2021,1.8e+09,"EUR","France","Mining",2321011558000,0.845494,2128932907.86215,2745154380752.55,0.0775523927830436,0.0775523927830436,9.64079614298582,-2.94662225768713,2167881232.13416,1.875e+09,0.0816675381347401,0.0816675381347401,8671524928.53662,2666099148792.9,2309265698666.67,2583524074697.47,641603379258.885,33768598908.3624,19
"DEU","Germany","Fishing and aquaculture",2018,1.91e+08,"EUR","DEU","Fishing",3207750800000,0.846773,225562222.697228,3788206284328.86,0.00595432787359916,0.00595432787359916,NA,-25.5624890811086,196732563.423186,1.69e+08,0.00533431129039,0.00533431129039,393465126.846372,3637115401900.01,3148034180000,243569231130.509,40805956725.5762,1457355597.34201,28
"DEU","Germany","Fishing and aquaculture",2020,1.47e+08,"EUR","DEU","Fishing",3118175870000,0.875506,167902904.149143,3561569960685.59,0.00471429470718084,0.00471429470718084,-25.5624890811086,-25.5624890811086,196732563.423186,1.69e+08,0.00533431129039,0.00533431129039,393465126.846372,3637115401900.01,3148034180000,243569231130.509,61177587088.7189,1747931059.67768,35
"DEU","Germany","Mining and quarrying",2020,4.371e+09,"EUR","DEU","Mining",3118175870000,0.875506,4992541456.02657,3561569960685.59,0.140178109966581,0.140178109966581,NA,NA,4992541456.02657,4.371e+09,0.140178109966581,0.140178109966581,4992541456.02657,3637115401900.01,3148034180000,2583524074697.47,522585757885.558,27504513572.9241,19
"GRC","Greece","Fishing and aquaculture",2019,586226000,"EUR","Greece","Fishing",183777052000,0.893276,656265252.844586,205733784407.059,0.318987595905064,0.318987595905064,NA,20.1989660441361,722544650.635356,626586000,0.344119386667258,0.344119386667258,1445089301.27071,203238421876.505,177017952666.667,243569231130.509,52005149321.203,2000198050.8155,26
"GRC","Greece","Fishing and aquaculture",2021,666946000,"EUR","Greece","Fishing",180621225000,0.845494,788824048.426127,213628038756.041,0.369251177429452,0.369251177429452,20.1989660441361,20.1989660441361,722544650.635356,626586000,0.344119386667258,0.344119386667258,1445089301.27071,203238421876.505,177017952666.667,243569231130.509,61816734035.4948,2377566693.67288,26
"GRC","Greece","Mining and quarrying",2020,535681000,"EUR","Greece","Mining",166655581000,0.875506,611853031.275628,190353442466.414,0.321429979593663,0.321429979593663,NA,NA,611853031.275628,535681000,0.321429979593663,0.321429979593663,611853031.275628,203238421876.505,177017952666.667,2583524074697.47,522585757885.558,27504513572.9241,19
"HUN","Hungary","Fishing and aquaculture",2018,5.401e+09,"HUF","HUN","Fishing",3.9259465e+13,270.211667,19988034.0473974,145291524366.341,0.0137571920554699,0.0137571920554699,NA,0.768541801235895,19871520.0985776,6.305e+09,0.0153631540340107,0.0153631540340107,59614560.2957328,130332148506.448,40854974666666.7,243569231130.509,40805956725.5762,1457355597.34201,28
"HUN","Hungary","Fishing and aquaculture",2020,5.963e+09,"HUF","HUN","Fishing",3.9301887e+13,307.996667,19360599.1197301,127604910088.199,0.0151722994878083,0.0151722994878083,-3.13905272614334,0.768541801235895,19871520.0985776,6.305e+09,0.0153631540340107,0.0153631540340107,59614560.2957328,130332148506.448,40854974666666.7,243569231130.509,61177587088.7189,1747931059.67768,35
"HUN","Hungary","Fishing and aquaculture",2022,7.551e+09,"HUF","HUN","Fishing",4.4003572e+13,372.595833,20265927.1286053,118100011064.804,0.0171599705587537,0.0171599705587537,4.67613632861513,0.768541801235895,19871520.0985776,6.305e+09,0.0153631540340107,0.0153631540340107,59614560.2957328,130332148506.448,40854974666666.7,243569231130.509,27763803959.5156,2135677227.65505,13
"ISL","Iceland","Fishing and aquaculture",2018,86396659000,"ISK","ISL","Fishing",2684707617000,108.300176,797751787.587123,24789503730.8157,3.21810309818926,3.21810309818926,NA,8.55679978174875,848635534.930485,107667327666.667,4.0017386995825,4.0017386995825,2545906604.79146,21391825661.7998,2727344835750,243569231130.509,40805956725.5762,1457355597.34201,28
"ISL","Iceland","Fishing and aquaculture",2020,109926073000,"ISK","ISL","Fishing",2537349678000,135.421712,811731526.477822,18736653380.9586,4.33231863755753,4.33231863755753,1.75239204828139,8.55679978174875,848635534.930485,107667327666.667,4.0017386995825,4.0017386995825,2545906604.79146,21391825661.7998,2727344835750,243569231130.509,61177587088.7189,1747931059.67768,35
"ISL","Iceland","Fishing and aquaculture",2022,126679251000,"ISK","ISL","Fishing",2843661024000,135.279902,936423290.726512,21020572767.7124,4.4547943630007,4.4547943630007,15.3612075152161,8.55679978174875,848635534.930485,107667327666.667,4.0017386995825,4.0017386995825,2545906604.79146,21391825661.7998,2727344835750,243569231130.509,27763803959.5156,2135677227.65505,13
"ISL","Iceland","Mining and quarrying",2022,3977593000,"ISK","ISL","Mining",2843661024000,135.279902,29402689.8393229,21020572767.7124,0.139875778668055,0.139875778668055,NA,NA,29402689.8393229,3977593000,0.139875778668055,0.139875778668055,29402689.8393229,21391825661.7998,2727344835750,2583524074697.47,470868157708.832,29429259856.802,16
"IND","India","Fishing and aquaculture",2018,1.1473e+12,"INR","India","Fishing",139929139360000,68.389467,16775975165.8834,2046062727174.05,0.819914997867818,0.819914997867818,NA,3.60633008404618,17652854019.5678,1267017500000,0.886988474656242,0.886988474656242,70611416078.2711,1994103479358.49,142851283030000,243569231130.509,40805956725.5762,1457355597.34201,28
"IND","India","Fishing and aquaculture",2019,1.24468e+12,"INR","India","Fishing",145346407750000,70.420341,17675006714.3242,2063983299228.84,0.856354153685645,0.856354153685646,5.35904196060781,3.60633008404618,17652854019.5678,1267017500000,0.886988474656242,0.886988474656242,70611416078.2711,1994103479358.49,142851283030000,243569231130.509,52005149321.203,2000198050.8155,26
"IND","India","Fishing and aquaculture",2020,1.29893e+12,"INR","India","Fishing",136871181360000,74.099567,17529522136.074,1847125251892.5,0.949016430700295,0.949016430700295,-0.823109040927715,3.60633008404618,17652854019.5678,1267017500000,0.886988474656242,0.886988474656242,70611416078.2711,1994103479358.49,142851283030000,243569231130.509,61177587088.7189,1747931059.67768,35
"IND","India","Fishing and aquaculture",2021,1.37716e+12,"INR","India","Fishing",149258403650000,73.918013,18630912061.9895,2019242639138.58,0.92266831637121,0.92266831637121,6.28305733245844,3.60633008404618,17652854019.5678,1267017500000,0.886988474656242,0.886988474656242,70611416078.2711,1994103479358.49,142851283030000,243569231130.509,61816734035.4948,2377566693.67288,26
"IND","India","Mining and quarrying",2018,3.29612e+12,"INR","India","Mining",139929139360000,68.389467,48196310697.9617,2046062727174.05,2.3555636910765,2.3555636910765,NA,-6.17961169722287,44451498893.4857,3180542500000,2.23121375513801,2.23121375513801,177805995573.943,1994103479358.49,142851283030000,2583524074697.47,217463225233.476,19769384112.1342,11
"IND","India","Mining and quarrying",2019,3.26815e+12,"INR","India","Mining",145346407750000,70.420341,46409176007.8242,2063983299228.84,2.24852478337223,2.24852478337223,-3.70803213826299,-6.17961169722287,44451498893.4857,3180542500000,2.23121375513801,2.23121375513801,177805995573.943,1994103479358.49,142851283030000,2583524074697.47,731003554610.723,34809693076.7011,21
"IND","India","Mining and quarrying",2020,3.21766e+12,"INR","India","Mining",136871181360000,74.099567,43423465618.9017,1847125251892.5,2.3508674127221,2.3508674127221,-6.43344839481569,-6.17961169722287,44451498893.4857,3180542500000,2.23121375513801,2.23121375513801,177805995573.943,1994103479358.49,142851283030000,2583524074697.47,522585757885.558,27504513572.9241,19
"IND","India","Mining and quarrying",2021,2.94024e+12,"INR","India","Mining",149258403650000,73.918013,39777043249.2551,2019242639138.58,1.96989913338122,1.96989913338122,-8.39735455858994,-6.17961169722287,44451498893.4857,3180542500000,2.23121375513801,2.23121375513801,177805995573.943,1994103479358.49,142851283030000,2583524074697.47,641603379258.885,33768598908.3624,19
"IDN","Indonesia","Fishery",2019,2.52279e+14,"IDR","IDN","Fishing",1.09491554e+16,14147.671361,17831839146.0125,773919263503.876,2.30409552868343,2.30409552868343,NA,1.41355130125705,18133859005.7388,2.624525e+14,2.35895968827686,2.35895968827686,72535436022.9552,768759891159.583,1.11256576e+16,243569231130.509,52005149321.203,2000198050.8155,26
"IDN","Indonesia","Fishery",2020,2.54112e+14,"IDR","IDN","Fishing",1.07229993e+16,14582.203468,17426172975.6849,735348352773.375,2.36978472991227,2.36978472991227,-2.27495418170787,1.41355130125705,18133859005.7388,2.624525e+14,2.35895968827686,2.35895968827686,72535436022.9552,768759891159.583,1.11256576e+16,243569231130.509,61177587088.7189,1747931059.67768,35
"IDN","Indonesia","Fishery",2021,2.67967e+14,"IDR","IDN","Fishing",1.11200779e+16,14308.143901,18728285223.723,777185215422.862,2.40975829854573,2.40975829854573,7.47216413985409,1.41355130125705,18133859005.7388,2.624525e+14,2.35895968827686,2.35895968827686,72535436022.9552,768759891159.583,1.11256576e+16,243569231130.509,61816734035.4948,2377566693.67288,26
"IDN","Indonesia","Fishery",2022,2.75452e+14,"IDR","IDN","Fishing",1.17103978e+16,14849.853936,18549138677.5348,788586732938.22,2.35220019596602,2.35220019596602,-0.956556054375063,1.41355130125705,18133859005.7388,2.624525e+14,2.35895968827686,2.35895968827686,72535436022.9552,768759891159.583,1.11256576e+16,243569231130.509,27763803959.5156,2135677227.65505,13
"IDN","Indonesia","Mining and quarrying",2019,8.06206e+14,"IDR","IDN","Mining",1.09491554e+16,14147.671361,56985066971.6868,773919263503.876,7.36317981202459,7.36317981202459,NA,0.565568645082822,56609575161.5457,8.19232e+14,7.36399058725283,7.36399058725283,226438300646.183,768759891159.583,1.11256576e+16,2583524074697.47,731003554610.723,34809693076.7011,21
"IDN","Indonesia","Mining and quarrying",2020,7.90475e+14,"IDR","IDN","Mining",1.07229993e+16,14582.203468,54208199860.5123,735348352773.375,7.37177144085051,7.37177144085051,-4.87297332221114,0.565568645082822,56609575161.5457,8.19232e+14,7.36399058725283,7.36399058725283,226438300646.183,768759891159.583,1.11256576e+16,2583524074697.47,522585757885.558,27504513572.9241,19
"IDN","Indonesia","Mining and quarrying",2021,8.221e+14,"IDR","IDN","Mining",1.11200779e+16,14308.143901,57456788643.4622,777185215422.862,7.39293382108411,7.39293382108411,5.9927995973102,0.565568645082822,56609575161.5457,8.19232e+14,7.36399058725283,7.36399058725283,226438300646.183,768759891159.583,1.11256576e+16,2583524074697.47,641603379258.885,33768598908.3624,19
"IDN","Indonesia","Mining and quarrying",2022,8.58147e+14,"IDR","IDN","Mining",1.17103978e+16,14849.853936,57788245170.5214,788586732938.22,7.32807727505209,7.32807727505209,0.576879660149404,0.565568645082822,56609575161.5457,8.19232e+14,7.36399058725283,7.36399058725283,226438300646.183,768759891159.583,1.11256576e+16,2583524074697.47,470868157708.832,29429259856.802,16
"IRL","Ireland","Fishing and aquaculture",2018,170957000,"EUR","IRL","Fishing",317957017000,0.846773,201892360.762566,375492625532.463,0.0537673304439134,0.0537673304439134,NA,-21.4145775243633,180275162.706932,154931500,0.0463406860614141,0.0463406860614141,360550325.413864,391603272627.157,337456500000,243569231130.509,40805956725.5762,1457355597.34201,28
"IRL","Ireland","Fishing and aquaculture",2020,138906000,"EUR","IRL","Fishing",356955983000,0.875506,158657964.651299,407713919721.852,0.0389140416789148,0.0389140416789148,-21.4145775243633,-21.4145775243633,180275162.706932,154931500,0.0463406860614141,0.0463406860614141,360550325.413864,391603272627.157,337456500000,243569231130.509,61177587088.7189,1747931059.67768,35
"ITA","Italy","Fishing and aquaculture",2018,936300000,"EUR","Italy","Fishing",1720515100000,0.846773,1105727272.83463,2031849267749.44,0.0544197490623593,0.0544197490623593,NA,-31.3066815365809,932644014.849903,800650000,0.0483386909196682,0.0483386909196682,1865288029.69981,1921560530146,1674341300000,243569231130.509,40805956725.5762,1457355597.34201,28
"ITA","Italy","Fishing and aquaculture",2020,6.65e+08,"EUR","Italy","Fishing",1573680200000,0.875506,759560756.865173,1797452216204.11,0.0422576327769772,0.0422576327769772,-31.3066815365809,-31.3066815365809,932644014.849903,800650000,0.0483386909196682,0.0483386909196682,1865288029.69981,1921560530146,1674341300000,243569231130.509,61177587088.7189,1747931059.67768,35
"ITA","Italy","Mining and quarrying",2019,3878500000,"EUR","Italy","Mining",1728828600000,0.893276,4341883135.78334,1935380106484.45,0.22434265606203,0.22434265606203,NA,NA,4341883135.78334,3878500000,0.22434265606203,0.22434265606203,4341883135.78334,1921560530146,1674341300000,2583524074697.47,731003554610.723,34809693076.7011,21
"JAM","Jamaica","Mining and quarrying",2018,2.1116e+10,"JMD","JAM","Mining",8.92085e+11,62.28071494,339045562.022574,14323615277.3682,2.36703901534047,2.36703901534047,NA,-11.3515817389657,319802044.96991,19917500000,2.22341195749219,2.22341195749219,639604089.939819,14387519489.191,8.96065e+11,2583524074697.47,217463225233.476,19769384112.1342,11
"JAM","Jamaica","Mining and quarrying",2019,1.8719e+10,"JMD","JAM","Mining",9.00045e+11,62.28071494,300558527.917246,14451423701.0138,2.07978489964391,2.07978489964391,-11.3515817389657,-11.3515817389657,319802044.96991,19917500000,2.22341195749219,2.22341195749219,639604089.939819,14387519489.191,8.96065e+11,2583524074697.47,731003554610.723,34809693076.7011,21
"JPN","Japan","Fishing",2018,6.105e+11,"JPY","Japan","Fishing",554716083665000,110.423179,5528730521.33375,5023547489653.42,0.110056300507178,0.110056300507178,NA,-5.23338011694306,4850663495.82691,5.292e+11,0.0969630306510265,0.0969630306510265,19402653983.3076,4833958903091.17,545642508333000,243569231130.509,40805956725.5762,1457355597.34201,28
"JPN","Japan","Fishing",2019,5.421e+11,"JPY","Japan","Fishing",552485186424000,109.009666,4972953499.37133,5068221990736.12,0.0981202778501232,0.0981202778501232,-10.0525250745689,-5.23338011694306,4850663495.82691,5.292e+11,0.0969630306510265,0.0969630306510265,19402653983.3076,4833958903091.17,545642508333000,243569231130.509,52005149321.203,2000198050.8155,26
"JPN","Japan","Fishing",2020,4.558e+11,"JPY","Japan","Fishing",529572968841000,106.774582,4268806222.0651,4959728794264.91,0.0860693477232314,0.0860693477232314,-14.1595387408157,-5.23338011694306,4850663495.82691,5.292e+11,0.0969630306510265,0.0969630306510265,19402653983.3076,4833958903091.17,545642508333000,243569231130.509,61177587088.7189,1747931059.67768,35
"JPN","Japan","Fishing",2021,5.084e+11,"JPY","Japan","Fishing",543126437011000,109.754324,4632163740.53746,4948565279405.3,0.0936061965235736,0.0936061965235736,8.51192346455539,-5.23338011694306,4850663495.82691,5.292e+11,0.0969630306510265,0.0969630306510265,19402653983.3076,4833958903091.17,545642508333000,243569231130.509,61816734035.4948,2377566693.67288,26
"JPN","Japan","Mining and quarrying",2022,4.465e+11,"JPY","Japan","Mining",548311865724000,131.49814,3395485289.75391,4169730961396.11,0.081431759535321,0.081431759535321,NA,NA,3395485289.75391,4.465e+11,0.081431759535321,0.081431759535321,3395485289.75391,4833958903091.17,545642508333000,2583524074697.47,470868157708.832,29429259856.802,16
"KIR","Kiribati","Fishing",2018,19286000,"AUD","KIR","Fishing",1.85e+08,1.327973441,14522880.808126,139310015.011061,10.4248648648649,10.4248648648649,NA,0.100902729029567,14066169.8670222,18679500,10.1512841663916,10.1512841663916,56264679.4680889,138556987.902893,1.84e+08,243569231130.509,40805956725.5762,1457355597.34201,28
"KIR","Kiribati","Fishing",2019,19259000,"AUD","KIR","Fishing",1.81e+08,1.327973441,14502549.0762055,136297906.578389,10.6403314917127,10.6403314917127,-0.13999792595665,0.100902729029567,14066169.8670222,18679500,10.1512841663916,10.1512841663916,56264679.4680889,138556987.902893,1.84e+08,243569231130.509,52005149321.203,2000198050.8155,26
"KIR","Kiribati","Fishing",2020,17084000,"AUD","KIR","Fishing",1.78e+08,1.327973441,12864715.1159403,134038825.253885,9.59775280898876,9.59775280898876,-11.2934212575938,0.100902729029567,14066169.8670222,18679500,10.1512841663916,10.1512841663916,56264679.4680889,138556987.902893,1.84e+08,243569231130.509,61177587088.7189,1747931059.67768,35
"KIR","Kiribati","Fishing",2021,19089000,"AUD","KIR","Fishing",1.92e+08,1.327973441,14374534.467817,144581204.768236,9.9421875,9.9421875,11.7361273706392,0.100902729029567,14066169.8670222,18679500,10.1512841663916,10.1512841663916,56264679.4680889,138556987.902893,1.84e+08,243569231130.509,61816734035.4948,2377566693.67288,26
"KIR","Kiribati","Mining and quarrying",2018,857000,"AUD","KIR","Mining",1.85e+08,1.327973441,645344.231699887,139310015.011061,0.463243243243243,0.463243243243243,NA,-0.85063805560083,504151.648918406,669500,0.363705758575518,0.363705758575518,2016606.59567363,138556987.902893,1.84e+08,2583524074697.47,217463225233.476,19769384112.1342,11
"KIR","Kiribati","Mining and quarrying",2019,470000,"AUD","KIR","Mining",1.81e+08,1.327973441,353922.740838911,136297906.578389,0.259668508287293,0.259668508287293,-45.1575262543757,-0.85063805560083,504151.648918406,669500,0.363705758575518,0.363705758575518,2016606.59567363,138556987.902893,1.84e+08,2583524074697.47,731003554610.723,34809693076.7011,21
"KIR","Kiribati","Mining and quarrying",2020,690000,"AUD","KIR","Mining",1.78e+08,1.327973441,519588.704635848,134038825.253885,0.387640449438202,0.387640449438202,46.8085106382979,-0.85063805560083,504151.648918406,669500,0.363705758575518,0.363705758575518,2016606.59567363,138556987.902893,1.84e+08,2583524074697.47,522585757885.558,27504513572.9241,19
"KIR","Kiribati","Mining and quarrying",2021,661000,"AUD","KIR","Mining",1.92e+08,1.327973441,497750.918498979,144581204.768236,0.344270833333333,0.344270833333333,-4.20289855072464,-0.85063805560083,504151.648918406,669500,0.363705758575518,0.363705758575518,2016606.59567363,138556987.902893,1.84e+08,2583524074697.47,641603379258.885,33768598908.3624,19
"KOR","Korea","Mining and quarrying",2018,2.1282e+12,"KRW","Korea","Mining",NA,1100.163333,1934440038.27748,NA,NA,NA,NA,NA,1934440038.27748,2.1282e+12,NA,NA,1934440038.27748,NA,NA,2583524074697.47,217463225233.476,19769384112.1342,11
"LVA","Latvia","Fishing and aquaculture",2018,32924000,"EUR","Latvia","Fishing",27024401000,0.846773,38881730.9952018,31914575689.1162,0.121830637430225,0.121830637430225,NA,73.7630268673596,53221901.8354444,46037500,0.173678366246707,0.173678366246707,106443803.670889,30936058406.9529,26626204000,243569231130.509,40805956725.5762,1457355597.34201,28
"LVA","Latvia","Fishing and aquaculture",2020,59151000,"EUR","Latvia","Fishing",26228007000,0.875506,67562072.675687,29957541124.7896,0.22552609506319,0.22552609506319,73.7630268673596,73.7630268673596,53221901.8354444,46037500,0.173678366246707,0.173678366246707,106443803.670889,30936058406.9529,26626204000,243569231130.509,61177587088.7189,1747931059.67768,35
"LTU","Lithuania","Fishing and aquaculture",2018,29759000,"EUR","LTU","Fishing",41520393000,0.846773,35144011.4410828,49033676085.5625,0.0716732136904388,0.0716732136904388,NA,58.3617537056704,45399342.1408515,39242500,0.0919119475397982,0.0919119475397982,90798684.281703,49490741098.6964,44090508333.3333,243569231130.509,40805956725.5762,1457355597.34201,28
"LTU","Lithuania","Fishing and aquaculture",2020,48726000,"EUR","LTU","Fishing",43446905000,0.875506,55654672.8406202,49624908338.7207,0.112150681389158,0.112150681389158,58.3617537056704,58.3617537056704,45399342.1408515,39242500,0.0919119475397982,0.0919119475397982,90798684.281703,49490741098.6964,44090508333.3333,243569231130.509,61177587088.7189,1747931059.67768,35
"LTU","Lithuania","Mining and quarrying",2022,153231000,"EUR","LTU","Mining",47304227000,0.949624,161359653.926186,49813638871.8061,0.323926654588394,0.323926654588394,NA,NA,161359653.926186,153231000,0.323926654588394,0.323926654588394,161359653.926186,49490741098.6964,44090508333.3333,2583524074697.47,470868157708.832,29429259856.802,16
"LUX","Luxembourg","Fishing and aquaculture",2018,0,"EUR","LUX","Fishing",58288431000,0.846773,0,68835958397.3509,0,0,NA,NA,0,0,0,0,0,68186934460.1131,61723932250,243569231130.509,40805956725.5762,1457355597.34201,28
"LUX","Luxembourg","Fishing and aquaculture",2020,0,"EUR","LUX","Fishing",59442244000,0.875506,0,67894730590.0816,0,0,NA,NA,0,0,0,0,0,68186934460.1131,61723932250,243569231130.509,61177587088.7189,1747931059.67768,35
"LUX","Luxembourg","Fishing and aquaculture",2022,0,"EUR","LUX","Fishing",64582527000,0.949624,0,68008524426.5099,0,0,NA,NA,0,0,0,0,0,68186934460.1131,61723932250,243569231130.509,27763803959.5156,2135677227.65505,13
"LUX","Luxembourg","Mining and quarrying",2022,35027000,"EUR","LUX","Mining",64582527000,0.949624,36885125.0600238,68008524426.5099,0.0542360319843167,0.0542360319843167,NA,NA,36885125.0600238,35027000,0.0542360319843167,0.0542360319843167,36885125.0600238,68186934460.1131,61723932250,2583524074697.47,470868157708.832,29429259856.802,16
"MLT","Malta","Fishing and aquaculture",2018,31627000,"EUR","Malta","Fishing",12307815018.7903,0.846773,37350033.5981426,14534963938.1396,0.256966812969769,0.256966812969769,NA,-90.6942404043171,20412868.9668463,17335000,0.141045132796312,0.141045132796312,40825737.9336926,14184732531.1762,12210001880.0226,243569231130.509,40805956725.5762,1457355597.34201,28
"MLT","Malta","Fishing and aquaculture",2020,3043000,"EUR","Malta","Fishing",12112188741.255,0.875506,3475704.33554996,13834501124.2127,0.0251234526228552,0.0251234526228552,-90.6942404043171,-90.6942404043171,20412868.9668463,17335000,0.141045132796312,0.141045132796312,40825737.9336926,14184732531.1762,12210001880.0226,243569231130.509,61177587088.7189,1747931059.67768,35
"MEX","Mexico","Fishing and aquaculture",2019,13981240000,"MXN","Mexico","Fishing",24109423261000,19.263633,725784175.809412,1251551213678.13,0.057990769205236,0.057990769205236,NA,12.2140085319493,770107846.387862,15245864000,0.0644115192617147,0.0644115192617147,1540215692.77572,1201529584013.29,23878873824666.7,243569231130.509,52005149321.203,2000198050.8155,26
"MEX","Mexico","Fishing and aquaculture",2021,16510488000,"MXN","Mexico","Fishing",23309274373000,20.272408,814431516.966312,1149802942649.93,0.0708322693181934,0.0708322693181934,12.2140085319493,12.2140085319493,770107846.387862,15245864000,0.0644115192617147,0.0644115192617147,1540215692.77572,1201529584013.29,23878873824666.7,243569231130.509,61816734035.4948,2377566693.67288,26
"MEX","Mexico","Mining and quarrying",2022,1064020729000,"MXN","Mexico","Mining",24217923840000,20.12735,52864422241.378,1203234595711.81,4.39352578705607,4.39352578705607,NA,NA,52864422241.378,1064020729000,4.39352578705607,4.39352578705607,52864422241.378,1201529584013.29,23878873824666.7,2583524074697.47,470868157708.832,29429259856.802,16
"NLD","Netherlands","Fishing and aquaculture",2019,3.06e+08,"EUR","NLD","Fishing",757314706000,0.893276,342559298.581849,847794753245.358,0.0404059233995649,0.0404059233995649,NA,3.5797751744809,348690724.946104,3.03e+08,0.0396090221677033,0.0396090221677033,697381449.892208,880999620399.69,765134557500,243569231130.509,52005149321.203,2000198050.8155,26
"NLD","Netherlands","Fishing and aquaculture",2021,3e+08,"EUR","NLD","Fishing",772954409000,0.845494,354822151.310358,914204487554.022,0.0388121209358416,0.0388121209358416,3.5797751744809,3.5797751744809,348690724.946104,3.03e+08,0.0396090221677033,0.0396090221677033,697381449.892208,880999620399.69,765134557500,243569231130.509,61816734035.4948,2377566693.67288,26
"NZL","New Zealand","Fishing and aquaculture",2019,2.862e+09,"NZD","NZL","Fishing",291009578000,1.517875,1885530758.46167,191721701721.156,0.983472784528075,0.983472784528075,NA,116.148215913835,2980535926.69158,4.312e+09,1.43928666597286,1.43928666597286,5961071853.38315,199500041445.452,295355449333.333,243569231130.509,52005149321.203,2000198050.8155,26
"NZL","New Zealand","Fishing and aquaculture",2021,5.762e+09,"NZD","NZL","Fishing",304047192000,1.4138,4075541094.92149,215056720894.044,1.89510054741765,1.89510054741765,116.148215913835,116.148215913835,2980535926.69158,4.312e+09,1.43928666597286,1.43928666597286,5961071853.38315,199500041445.452,295355449333.333,243569231130.509,61816734035.4948,2377566693.67288,26
"NZL","New Zealand","Mining and quarrying",2019,2.854e+09,"NZD","NZL","Mining",291009578000,1.517875,1880260232.23256,191721701721.156,0.980723734117095,0.980723734117095,NA,NA,1880260232.23256,2.854e+09,0.980723734117095,0.980723734117095,1880260232.23256,199500041445.452,295355449333.333,2583524074697.47,731003554610.723,34809693076.7011,21
"NOR","Norway","Fishing and aquaculture",2019,4.2394e+10,"NOK","Norway","Fishing",3.308319e+12,8.8,4817500000,375945340909.091,1.28143628229321,1.28143628229321,NA,9.87299529448865,5055315774.156,4.3931e+10,1.31060804276408,1.31060804276408,10110631548.312,388698272348.044,3365234333333.33,243569231130.509,52005149321.203,2000198050.8155,26
"NOR","Norway","Fishing and aquaculture",2021,4.5468e+10,"NOK","Norway","Fishing",3.393692e+12,8.59,5293131548.31199,395074738067.52,1.33977980323494,1.33977980323494,9.87299529448865,9.87299529448865,5055315774.156,4.3931e+10,1.31060804276408,1.31060804276408,10110631548.312,388698272348.044,3365234333333.33,243569231130.509,61816734035.4948,2377566693.67288,26
"NOR","Norway","Mining and quarrying",2021,1.021893e+12,"NOK","Norway","Mining",3.393692e+12,8.59,118963096623.981,395074738067.52,30.1115422377753,30.1115422377753,NA,NA,118963096623.981,1.021893e+12,30.1115422377753,30.1115422377753,118963096623.981,388698272348.044,3365234333333.33,2583524074697.47,641603379258.885,33768598908.3624,19
"PLW","Palau","Fishing",2019,5100000,"USD","Palau","Fishing",281970375,1,5100000,281970375,1.8087006480734,1.8087006480734,NA,-5.88767289861681,4400000,4400000,1.74556267656955,1.74556267656955,17600000,255855083.333333,255855083.333333,243569231130.509,52005149321.203,2000198050.8155,26
"PLW","Palau","Fishing",2020,4300000,"USD","Palau","Fishing",260683015.625,1,4300000,260683015.625,1.6495129111847,1.6495129111847,-15.6862745098039,-5.88767289861681,4400000,4400000,1.74556267656955,1.74556267656955,17600000,255855083.333333,255855083.333333,243569231130.509,61177587088.7189,1747931059.67768,35
"PLW","Palau","Fishing",2021,4e+06,"USD","Palau","Fishing",224911859.375,1,4e+06,224911859.375,1.77847447045054,1.77847447045054,-6.97674418604651,-5.88767289861681,4400000,4400000,1.74556267656955,1.74556267656955,17600000,255855083.333333,255855083.333333,243569231130.509,61816734035.4948,2377566693.67288,26
"PLW","Palau","Fishing",2022,4200000,"USD","Palau","Fishing",NA,1,4200000,NA,NA,NA,5,-5.88767289861681,4400000,4400000,1.74556267656955,1.74556267656955,17600000,255855083.333333,255855083.333333,243569231130.509,27763803959.5156,2135677227.65505,13
"PLW","Palau","Mining and quarrying",2019,1500000,"USD","Palau","Mining",281970375,1,1500000,281970375,0.531970778845118,0.531970778845118,NA,0.683760683760684,1450000,1450000,0.565862885052373,0.565862885052373,5800000,255855083.333333,255855083.333333,2583524074697.47,731003554610.723,34809693076.7011,21
"PLW","Palau","Mining and quarrying",2020,1300000,"USD","Palau","Mining",260683015.625,1,1300000,260683015.625,0.498689949893048,0.498689949893048,-13.3333333333333,0.683760683760684,1450000,1450000,0.565862885052373,0.565862885052373,5800000,255855083.333333,255855083.333333,2583524074697.47,522585757885.558,27504513572.9241,19
"PLW","Palau","Mining and quarrying",2021,1500000,"USD","Palau","Mining",224911859.375,1,1500000,224911859.375,0.666927926418953,0.666927926418953,15.3846153846154,0.683760683760684,1450000,1450000,0.565862885052373,0.565862885052373,5800000,255855083.333333,255855083.333333,2583524074697.47,641603379258.885,33768598908.3624,19
"PLW","Palau","Mining and quarrying",2022,1500000,"USD","Palau","Mining",NA,1,1500000,NA,NA,NA,0,0.683760683760684,1450000,1450000,0.565862885052373,0.565862885052373,5800000,255855083.333333,255855083.333333,2583524074697.47,470868157708.832,29429259856.802,16
"PAN","Panama","Mining and quarrying",2019,0,"PAB","Panama","Mining",69502679700,1,0,69502679700,0,0,NA,NA,0,0,0,0,0,66614763575,66614763575,2583524074697.47,731003554610.723,34809693076.7011,21
"PAN","Panama","Mining and quarrying",2020,0,"PAB","Panama","Mining",57222715000,1,0,57222715000,0,0,NA,NA,0,0,0,0,0,66614763575,66614763575,2583524074697.47,522585757885.558,27504513572.9241,19
"PAN","Panama","Mining and quarrying",2021,0,"PAB","Panama","Mining",66284369700,1,0,66284369700,0,0,NA,NA,0,0,0,0,0,66614763575,66614763575,2583524074697.47,641603379258.885,33768598908.3624,19
"PAN","Panama","Mining and quarrying",2022,0,"PAB","Panama","Mining",73449289900,1,0,73449289900,0,0,NA,NA,0,0,0,0,0,66614763575,66614763575,2583524074697.47,470868157708.832,29429259856.802,16
"PNG","Papua New Guinea","Fishing & aquaculture",2019,925200000,"PGK","PNG","Fishing",65714323100,3.056734787,302675915.468619,21498208931.7911,1.40791224249862,1.40791224249862,NA,-6.42047158470255,274672177.504813,839600000,1.29803537711775,1.29803537711775,1098688710.01925,21172997869.5522,64720239132.9372,243569231130.509,52005149321.203,2000198050.8155,26
"PNG","Papua New Guinea","Fishing & aquaculture",2020,931400000,"PGK","PNG","Fishing",63632900000,3.056734787,304704223.592166,20817278708.8447,1.46370823897701,1.46370823897701,0.670125378296599,-6.42047158470255,274672177.504813,839600000,1.29803537711775,1.29803537711775,1098688710.01925,21172997869.5522,64720239132.9372,243569231130.509,61177587088.7189,1747931059.67768,35
"PNG","Papua New Guinea","Fishing & aquaculture",2021,754400000,"PGK","PNG","Fishing",63136354156.993,3.056734787,246799298.129622,20654835488.3472,1.19487418947906,1.19487418947906,-19.0036504187245,-6.42047158470255,274672177.504813,839600000,1.29803537711775,1.29803537711775,1098688710.01925,21172997869.5522,64720239132.9372,243569231130.509,61816734035.4948,2377566693.67288,26
"PNG","Papua New Guinea","Fishing & aquaculture",2022,747400000,"PGK","PNG","Fishing",66397379274.7559,3.056734787,244509272.828844,21721668349.226,1.12564683751631,1.12564683751631,-0.927889713679744,-6.42047158470255,274672177.504813,839600000,1.29803537711775,1.29803537711775,1098688710.01925,21172997869.5522,64720239132.9372,243569231130.509,27763803959.5156,2135677227.65505,13
"PNG","Papua New Guinea","Mining and quarrying",2019,20889100000,"PGK","PNG","Mining",65714323100,3.056734787,6833795358.64195,21498208931.7911,31.7877427851037,31.7877427851037,NA,-5.20773465131472,6074799187.34605,18569050000,28.684926041648,28.684926041648,24299196749.3842,21172997869.5522,64720239132.9372,2583524074697.47,731003554610.723,34809693076.7011,21
"PNG","Papua New Guinea","Mining and quarrying",2020,18976700000,"PGK","PNG","Mining",63632900000,3.056734787,6208160446.46925,20817278708.8447,29.8221517485452,29.8221517485452,-9.15501385890249,-5.20773465131472,6074799187.34605,18569050000,28.684926041648,28.684926041648,24299196749.3842,21172997869.5522,64720239132.9372,2583524074697.47,522585757885.558,27504513572.9241,19
"PNG","Papua New Guinea","Mining and quarrying",2021,16774300000,"PGK","PNG","Mining",63136354156.993,3.056734787,5487653057.55,20654835488.3472,26.568369719749,26.568369719749,-11.6058113370607,-5.20773465131472,6074799187.34605,18569050000,28.684926041648,28.684926041648,24299196749.3842,21172997869.5522,64720239132.9372,2583524074697.47,641603379258.885,33768598908.3624,19
"PNG","Papua New Guinea","Mining and quarrying",2022,17636100000,"PGK","PNG","Mining",66397379274.7559,3.056734787,5769587886.723,21721668349.226,26.5614399131943,26.5614399131943,5.13762124201903,-5.20773465131472,6074799187.34605,18569050000,28.684926041648,28.684926041648,24299196749.3842,21172997869.5522,64720239132.9372,2583524074697.47,470868157708.832,29429259856.802,16
"POL","Poland","Fishing and aquaculture",2018,3.33e+08,"PLN","Poland","Fishing",2.0625e+12,3.611717,92199914.8881266,571058031401.685,0.0161454545454545,0.0161454545454545,NA,15.1420467496762,99180391.9958875,373500000,0.0178796075335619,0.0178796075335619,198360783.991775,557805707323.377,2109181333333.33,243569231130.509,40805956725.5762,1457355597.34201,28
"POL","Poland","Fishing and aquaculture",2020,4.14e+08,"PLN","Poland","Fishing",2.110763e+12,3.899742,106160869.103648,541257088289.43,0.0196137605216692,0.0196137605216692,15.1420467496762,15.1420467496762,99180391.9958875,373500000,0.0178796075335619,0.0178796075335619,198360783.991775,557805707323.377,2109181333333.33,243569231130.509,61177587088.7189,1747931059.67768,35
"POL","Poland","Mining and quarrying",2019,3.2966e+10,"PLN","Poland","Mining",2.154281e+12,3.839375,8586293342.0153,561102002279.017,1.53025533809192,1.53025533809192,NA,NA,8586293342.0153,3.2966e+10,1.53025533809192,1.53025533809192,8586293342.0153,557805707323.377,2109181333333.33,2583524074697.47,731003554610.723,34809693076.7011,21
"PRT","Portugal","Fishing and aquaculture",2018,341941000,"EUR","PRT","Fishing",195178255000,0.846773,403816607.284361,230496549842.756,0.175194209006531,0.175194209006531,NA,-5.791604591251,392122876.700503,337504500,0.178213557841318,0.178213557841318,784245753.401006,223414065938.84,191093477666.667,243569231130.509,40805956725.5762,1457355597.34201,28
"PRT","Portugal","Fishing and aquaculture",2020,333068000,"EUR","PRT","Fishing",183778987000,0.875506,380429146.116646,209911739040.052,0.181232906676104,0.181232906676104,-5.791604591251,-5.791604591251,392122876.700503,337504500,0.178213557841318,0.178213557841318,784245753.401006,223414065938.84,191093477666.667,243569231130.509,61177587088.7189,1747931059.67768,35
"PRT","Portugal","Mining and quarrying",2021,793635000,"EUR","PRT","Mining",194323191000,0.845494,938664260.183987,229833908933.712,0.40840982278847,0.40840982278847,NA,NA,938664260.183987,793635000,0.40840982278847,0.40840982278847,938664260.183987,223414065938.84,191093477666.667,2583524074697.47,641603379258.885,33768598908.3624,19
"ROU","Romania","Fishing and aquaculture",2019,1132500000,"RON","ROU","Fishing",463710400000,4.237925,267229835.355746,109419208692.933,0.24422570638916,0.24422570638916,NA,-20.2725376747754,240142700.830379,1009450000,0.21598001506418,0.21598001506418,480285401.660758,109383884306.593,460841466666.667,243569231130.509,52005149321.203,2000198050.8155,26
"ROU","Romania","Fishing and aquaculture",2021,886400000,"RON","ROU","Fishing",472156600000,4.160417,213055566.305012,113487806630.922,0.1877343237392,0.1877343237392,-20.2725376747754,-20.2725376747754,240142700.830379,1009450000,0.21598001506418,0.21598001506418,480285401.660758,109383884306.593,460841466666.667,243569231130.509,61816734035.4948,2377566693.67288,26
"ROU","Romania","Mining and quarrying",2020,8853900000,"RON","ROU","Mining",446657400000,4.243992,2086219766.67251,105244637595.924,1.98225754235797,1.98225754235797,NA,NA,2086219766.67251,8853900000,1.98225754235797,1.98225754235797,2086219766.67251,109383884306.593,460841466666.667,2583524074697.47,522585757885.558,27504513572.9241,19
"RUS","Russia","Fishing and aquaculture",2018,273254800000,"RUB","Russia","Fishing",89626606310000,62.668133,4360346908.69122,1430178338167.5,0.304881341880633,0.304881341880633,NA,3.08591375538073,4427625181.21003,298679700000,0.334182910855041,0.334182910855041,8855250362.42005,1360561109833.51,90129760395333.3,243569231130.509,40805956725.5762,1457355597.34201,28
"RUS","Russia","Fishing and aquaculture",2020,324104600000,"RUB","Russia","Fishing",89166007900000,72.104908,4494903453.72884,1236614959691.79,0.363484479829449,0.363484479829449,3.08591375538073,3.08591375538073,4427625181.21003,298679700000,0.334182910855041,0.334182910855041,8855250362.42005,1360561109833.51,90129760395333.3,243569231130.509,61177587088.7189,1747931059.67768,35
"RUS","Russia","Mining and quarrying",2019,12674320900000,"RUB","Russia","Mining",91596666976000,64.737658,195779725303.007,1414890031641.24,13.8370983556868,13.8370983556868,NA,NA,195779725303.007,12674320900000,13.8370983556868,13.8370983556868,195779725303.007,1360561109833.51,90129760395333.3,2583524074697.47,731003554610.723,34809693076.7011,21
"WSM","Samoa","Fishing",2019,32700000,"WST","Samoa","Fishing",2190710200,2.779294045,11765577.6864733,788225414.270623,1.49266662473202,1.49266662473202,NA,-11.6102021817549,9804648.07206105,27250000,1.33225949498127,1.33225949498127,39218592.2882442,733403723.030681,2038344600,243569231130.509,52005149321.203,2000198050.8155,26
"WSM","Samoa","Fishing",2020,26200000,"WST","Samoa","Fishing",2122613200,2.779294045,9426854.2931376,763723868.591241,1.23432757320081,1.23432757320081,-19.8776758409786,-11.6102021817549,9804648.07206105,27250000,1.33225949498127,1.33225949498127,39218592.2882442,733403723.030681,2038344600,243569231130.509,61177587088.7189,1747931059.67768,35
"WSM","Samoa","Fishing",2021,28300000,"WST","Samoa","Fishing",1972357000,2.779294045,10182441.8509845,709661147.062977,1.43483152390769,1.43483152390769,8.01526717557251,-11.6102021817549,9804648.07206105,27250000,1.33225949498127,1.33225949498127,39218592.2882442,733403723.030681,2038344600,243569231130.509,61816734035.4948,2377566693.67288,26
"WSM","Samoa","Fishing",2022,21800000,"WST","Samoa","Fishing",1867698000,2.779294045,7843718.45764884,672004462.197882,1.16721225808455,1.16721225808455,-22.9681978798587,-11.6102021817549,9804648.07206105,27250000,1.33225949498127,1.33225949498127,39218592.2882442,733403723.030681,2038344600,243569231130.509,27763803959.5156,2135677227.65505,13
"SVK","Slovak Republic","Fishing and aquaculture",2019,5174000,"EUR","SVK","Fishing",89669135000,0.893276,5792162.78059637,100382339836.736,0.00577010138438382,0.00577010138438382,NA,-23.6916945837697,5106032.02270953,4455500,0.00494220469488018,0.00494220469488018,10212064.0454191,102730751125.315,90055879666.6667,243569231130.509,52005149321.203,2000198050.8155,26
"SVK","Slovak Republic","Fishing and aquaculture",2021,3737000,"EUR","SVK","Fishing",90829369000,0.845494,4419901.2648227,107427573702.475,0.00411430800537654,0.00411430800537654,-23.6916945837697,-23.6916945837697,5106032.02270953,4455500,0.00494220469488018,0.00494220469488018,10212064.0454191,102730751125.315,90055879666.6667,243569231130.509,61816734035.4948,2377566693.67288,26
"SVK","Slovak Republic","Mining and quarrying",2019,170919000,"EUR","SVK","Mining",89669135000,0.893276,191339518.804938,100382339836.736,0.19061073802039,0.19061073802039,NA,NA,191339518.804938,170919000,0.19061073802039,0.19061073802039,191339518.804938,102730751125.315,90055879666.6667,2583524074697.47,731003554610.723,34809693076.7011,21
"SVN","Slovenia","Fishing and aquaculture",2018,4594000,"EUR","SVN","Fishing",43895254000,0.846773,5425302.88518883,51838277791.0963,0.0104658239362278,0.0104658239362278,NA,-2.98927195000144,5183365.22287741,4612000,0.0102041705643327,0.0102041705643327,15550095.6686322,50784667512.2465,45221194666.6667,243569231130.509,40805956725.5762,1457355597.34201,28
"SVN","Slovenia","Fishing and aquaculture",2020,4403000,"EUR","SVN","Fishing",43514420000,0.875506,5029091.74808625,49702023743.9835,0.0101184848608806,0.0101184848608806,-7.30302336085681,-2.98927195000144,5183365.22287741,4612000,0.0102041705643327,0.0102041705643327,15550095.6686322,50784667512.2465,45221194666.6667,243569231130.509,61177587088.7189,1747931059.67768,35
"SVN","Slovenia","Fishing and aquaculture",2022,4839000,"EUR","SVN","Fishing",48253910000,0.949624,5095701.03535715,50813701001.6596,0.0100282028958897,0.0100282028958897,1.32447946085394,-2.98927195000144,5183365.22287741,4612000,0.0102041705643327,0.0102041705643327,15550095.6686322,50784667512.2465,45221194666.6667,243569231130.509,27763803959.5156,2135677227.65505,13
"ESP","Spain","Fishing and aquaculture",2018,1.397e+09,"EUR","Spain","Fishing",1.17003e+12,0.846773,1649792801.61271,1381751661897.58,0.119398647897917,0.119398647897917,NA,-15.8129980376899,1519351949.94023,1306500000,0.117058355637937,0.117058355637937,3038703899.88046,1282900201542.89,1140989333333.33,243569231130.509,40805956725.5762,1457355597.34201,28
"ESP","Spain","Fishing and aquaculture",2020,1.216e+09,"EUR","Spain","Fishing",1.05999e+12,0.875506,1388911098.26774,1210717002510.55,0.114718063377956,0.114718063377956,-15.8129980376899,-15.8129980376899,1519351949.94023,1306500000,0.117058355637937,0.117058355637937,3038703899.88046,1282900201542.89,1140989333333.33,243569231130.509,61177587088.7189,1747931059.67768,35
"ESP","Spain","Mining and quarrying",2022,6.734e+09,"EUR","Spain","Mining",1.192948e+12,0.949624,7091227685.90516,1256231940220.55,0.564483950683517,0.564483950683517,NA,NA,7091227685.90516,6.734e+09,0.564483950683517,0.564483950683517,7091227685.90516,1282900201542.89,1140989333333.33,2583524074697.47,470868157708.832,29429259856.802,16
"SWE","Sweden","Fishing and aquaculture",2018,1.287e+09,"SEK","Sweden","Fishing",4.547336e+12,8.692518,148058364.67638,523132192536.156,0.0283022851181439,0.0283022851181439,NA,-17.3549651636543,135210625.870649,1.207e+09,0.0265712220475807,0.0265712220475807,270421251.741299,525750505866.658,4633414333333.33,243569231130.509,40805956725.5762,1457355597.34201,28
"SWE","Sweden","Fishing and aquaculture",2020,1.127e+09,"SEK","Sweden","Fishing",4.537008e+12,9.210309,122362887.064918,492601062570.213,0.0248401589770175,0.0248401589770175,-17.3549651636543,-17.3549651636543,135210625.870649,1.207e+09,0.0265712220475807,0.0265712220475807,270421251.741299,525750505866.658,4633414333333.33,243569231130.509,61177587088.7189,1747931059.67768,35
"SWE","Sweden","Mining and quarrying",2021,5.3321e+10,"SEK","Sweden","Mining",4.815899e+12,8.576567,6217056311.69208,561518262493.606,1.10718684092004,1.10718684092004,NA,NA,6217056311.69208,5.3321e+10,1.10718684092004,1.10718684092004,6217056311.69208,525750505866.658,4633414333333.33,2583524074697.47,641603379258.885,33768598908.3624,19
"TON","Tonga","Fishing",2018,16468000,"PT","Tonga","Fishing",1020123000,1.971562793,8352764.64866823,517418468.040647,1.61431513650805,1.61431513650805,NA,9.2974408028091,10205863.1210941,20121500,1.97003593937631,1.97003593937631,40823452.4843764,517941276.648955,1021153750,243569231130.509,40805956725.5762,1457355597.34201,28
"TON","Tonga","Fishing",2019,19523000,"PT","Tonga","Fishing",1027330000,1.971562793,9902296.83239919,521073943.801089,1.90036307710278,1.90036307710278,18.5511294632014,9.2974408028091,10205863.1210941,20121500,1.97003593937631,1.97003593937631,40823452.4843764,517941276.648955,1021153750,243569231130.509,52005149321.203,2000198050.8155,26
"TON","Tonga","Fishing",2020,23628000,"PT","Tonga","Fishing",1032350000,1.971562793,11984401.452437,523620147.25848,2.28875865743207,2.28875865743207,21.0264815858218,9.2974408028091,10205863.1210941,20121500,1.97003593937631,1.97003593937631,40823452.4843764,517941276.648955,1021153750,243569231130.509,61177587088.7189,1747931059.67768,35
"TON","Tonga","Fishing",2021,20867000,"PT","Tonga","Fishing",1004812000,1.971562793,10583989.550872,509652547.495605,2.07670688646234,2.07670688646234,-11.6852886405959,9.2974408028091,10205863.1210941,20121500,1.97003593937631,1.97003593937631,40823452.4843764,517941276.648955,1021153750,243569231130.509,61816734035.4948,2377566693.67288,26
"TON","Tonga","Mining and quarrying",2018,6882000,"PT","Tonga","Mining",1020123000,1.971562793,3490631.9111085,517418468.040647,0.674624530571313,0.674624530571313,NA,-12.5751641169377,2736281.09596812,5394750,0.52821233542525,0.52821233542525,10945124.3838725,517941276.648955,1021153750,2583524074697.47,217463225233.476,19769384112.1342,11
"TON","Tonga","Mining and quarrying",2019,5300000,"PT","Tonga","Mining",1027330000,1.971562793,2688222.77373947,521073943.801089,0.515900440948867,0.515900440948867,-22.9875036326649,-12.5751641169377,2736281.09596812,5394750,0.52821233542525,0.52821233542525,10945124.3838725,517941276.648955,1021153750,2583524074697.47,731003554610.723,34809693076.7011,21
"TON","Tonga","Mining and quarrying",2020,4850000,"PT","Tonga","Mining",1032350000,1.971562793,2459977.44389367,523620147.25848,0.469801908267545,0.469801908267545,-8.49056603773585,-12.5751641169377,2736281.09596812,5394750,0.52821233542525,0.52821233542525,10945124.3838725,517941276.648955,1021153750,2583524074697.47,522585757885.558,27504513572.9241,19
"TON","Tonga","Mining and quarrying",2021,4547000,"PT","Tonga","Mining",1004812000,1.971562793,2306292.25513083,509652547.495605,0.452522461913273,0.452522461913273,-6.24742268041238,-12.5751641169377,2736281.09596812,5394750,0.52821233542525,0.52821233542525,10945124.3838725,517941276.648955,1021153750,2583524074697.47,641603379258.885,33768598908.3624,19
"GBR","United Kingdom","Fishing and aquaculture",2019,8.5e+08,"GBP","GBR","Fishing",2066654148000,0.783445,1084951719.64848,2637905849166.18,0.0411292813953697,0.0411292813953697,NA,-26.8537338477303,939276696.063089,713500000,0.0348946482526635,0.0348946482526635,1878553392.12618,2593997146409.3,1977487604000,243569231130.509,52005149321.203,2000198050.8155,26
"GBR","United Kingdom","Fishing and aquaculture",2021,5.77e+08,"GBP","GBR","Fishing",2013257836000,0.727065,793601672.477702,2769020425959.16,0.0286600151099573,0.0286600151099573,-26.8537338477303,-26.8537338477303,939276696.063089,713500000,0.0348946482526635,0.0348946482526635,1878553392.12618,2593997146409.3,1977487604000,243569231130.509,61816734035.4948,2377566693.67288,26
"GBR","United Kingdom","Mining and quarrying",2020,1.4529e+10,"GBP","GBR","Mining",1852550828000,0.78,18626923076.9231,2375065164102.56,0.784269979554915,0.784269979554915,NA,NA,18626923076.9231,1.4529e+10,0.784269979554915,0.784269979554915,18626923076.9231,2593997146409.3,1977487604000,2583524074697.47,522585757885.558,27504513572.9241,19
"USA","United States","Fishing and aquaculture",2018,4265085000,"USD","USA","Fishing",19481973191000,1,4265085000,19481973191000,0.0218924693006472,0.0218924693006472,NA,-4.9734764957791,4159023500,4159023500,0.0214042064995311,0.0214042064995311,8318047000,19937000701333.3,19937000701333.3,243569231130.509,40805956725.5762,1457355597.34201,28
"USA","United States","Fishing and aquaculture",2020,4052962000,"USD","USA","Fishing",19377380521000,1,4052962000,19377380521000,0.020915943698415,0.020915943698415,-4.9734764957791,-4.9734764957791,4159023500,4159023500,0.0214042064995311,0.0214042064995311,8318047000,19937000701333.3,19937000701333.3,243569231130.509,61177587088.7189,1747931059.67768,35
"USA","United States","Mining, quarrying, and oil and gas extraction",2019,3.146e+11,"USD","USA","Mining",19928975197000,1,3.146e+11,19928975197000,1.57860600904034,1.57860600904034,NA,-7.88439821663797,2.8375e+11,2.8375e+11,1.41015734334371,1.41015734334371,1.135e+12,19937000701333.3,19937000701333.3,2583524074697.47,731003554610.723,34809693076.7011,21
"USA","United States","Mining, quarrying, and oil and gas extraction",2020,3.056e+11,"USD","USA","Mining",19377380521000,1,3.056e+11,19377380521000,1.57709655166657,1.57709655166657,-2.86077558804832,-7.88439821663797,2.8375e+11,2.8375e+11,1.41015734334371,1.41015734334371,1.135e+12,19937000701333.3,19937000701333.3,2583524074697.47,522585757885.558,27504513572.9241,19
"USA","United States","Mining, quarrying, and oil and gas extraction",2021,2.695e+11,"USD","USA","Mining",20529459727000,1,2.695e+11,20529459727000,1.31274764939653,1.31274764939653,-11.8128272251309,-7.88439821663797,2.8375e+11,2.8375e+11,1.41015734334371,1.41015734334371,1.135e+12,19937000701333.3,19937000701333.3,2583524074697.47,641603379258.885,33768598908.3624,19
"USA","United States","Mining, quarrying, and oil and gas extraction",2022,2.453e+11,"USD","USA","Mining",20926835051000,1,2.453e+11,20926835051000,1.17217916327141,1.17217916327141,-8.97959183673469,-7.88439821663797,2.8375e+11,2.8375e+11,1.41015734334371,1.41015734334371,1.135e+12,19937000701333.3,19937000701333.3,2583524074697.47,470868157708.832,29429259856.802,16
"VUT","Vanuatu","Fishing",2018,5.88e+08,"VUV","VUT","Fishing",6.837e+10,110.6408333,5314493.59573831,617945454.320796,0.860026327336551,0.860026327336551,NA,6.04464007825353,5716695.91718449,632500000,0.925891524439977,0.925891524439977,22866783.668738,618024539.046924,68378750000,243569231130.509,40805956725.5762,1457355597.34201,28
"VUT","Vanuatu","Fishing",2019,6.12e+08,"VUV","VUT","Fishing",7.0586e+10,110.6408333,5531411.70168681,637974226.103375,0.867027455869436,0.867027455869436,4.08163265306124,6.04464007825353,5716695.91718449,632500000,0.925891524439977,0.925891524439977,22866783.668738,618024539.046924,68378750000,243569231130.509,52005149321.203,2000198050.8155,26
"VUT","Vanuatu","Fishing",2020,6.3e+08,"VUV","VUT","Fishing",6.7062e+10,110.6408333,5694100.28114819,606123417.546603,0.939429184933345,0.939429184933345,2.94117647058822,6.04464007825353,5716695.91718449,632500000,0.925891524439977,0.925891524439977,22866783.668738,618024539.046924,68378750000,243569231130.509,61177587088.7189,1747931059.67768,35
"VUT","Vanuatu","Fishing",2021,7e+08,"VUV","VUT","Fishing",6.7497e+10,110.6408333,6326778.09016466,610055058.21692,1.03708312962058,1.03708312962058,11.1111111111111,6.04464007825353,5716695.91718449,632500000,0.925891524439977,0.925891524439977,22866783.668738,618024539.046924,68378750000,243569231130.509,61816734035.4948,2377566693.67288,26
"VUT","Vanuatu","Mining and quarrying",2018,2.6e+07,"VUV","VUT","Mining",6.837e+10,110.6408333,234994.614777544,617945454.320796,0.0380283750182829,0.0380283750182829,NA,24.2307692307692,311819.777300972,34500000,0.0506206567958385,0.0506206567958385,1247279.10920389,618024539.046924,68378750000,2583524074697.47,217463225233.476,19769384112.1342,11
"VUT","Vanuatu","Mining and quarrying",2019,2.8e+07,"VUV","VUT","Mining",7.0586e+10,110.6408333,253071.123606586,637974226.103375,0.0396679228175559,0.0396679228175559,7.6923076923077,24.2307692307692,311819.777300972,34500000,0.0506206567958385,0.0506206567958385,1247279.10920389,618024539.046924,68378750000,2583524074697.47,731003554610.723,34809693076.7011,21
"VUT","Vanuatu","Mining and quarrying",2020,3.5e+07,"VUV","VUT","Mining",6.7062e+10,110.6408333,316338.904508233,606123417.546603,0.0521905102740747,0.0521905102740747,25,24.2307692307692,311819.777300972,34500000,0.0506206567958385,0.0506206567958385,1247279.10920389,618024539.046924,68378750000,2583524074697.47,522585757885.558,27504513572.9241,19
"VUT","Vanuatu","Mining and quarrying",2021,4.9e+07,"VUV","VUT","Mining",6.7497e+10,110.6408333,442874.466311526,610055058.21692,0.0725958190734403,0.0725958190734403,40,24.2307692307692,311819.777300972,34500000,0.0506206567958385,0.0506206567958385,1247279.10920389,618024539.046924,68378750000,2583524074697.47,641603379258.885,33768598908.3624,19
