Series Name,Series Code,Country Name,Country Code,1990 [YR1990],2000 [YR2000],2001 [YR2001],2002 [YR2002],2003 [YR2003],2004 [YR2004],2005 [YR2005],2006 [YR2006],2007 [YR2007],2008 [YR2008],2009 [YR2009],2010 [YR2010],2011 [YR2011],2012 [YR2012],2013 [YR2013],2014 [YR2014],2015 [YR2015],2016 [YR2016],2017 [YR2017],2018 [YR2018],2019 [YR2019],2020 [YR2020],2021 [YR2021],2022 [YR2022]
GDP (current LCU),NY.GDP.MKTP.CN,Australia,AUS,404695000000,662674000000,707402000000,756446000000,803108000000,864089000000,925442000000,999585000000,1089023000000,1179629000000,1261441000000,1304381000000,1418651000000,1500852000000,1537445000000,1599695000000,1624733000000,1658936000000,1759378000000,1844528000000,1950042000000,1984598000000,2088901000000,2333221000000
GDP (current LCU),NY.GDP.MKTP.CN,Afghanistan,AFG,..,..,..,182162721300,221358563000,249791940700,308163225800,348048404600,485419056200,515046858600,611692107000,726231122700,850347275400,1028794220100,1138809791300,1176469485800,1222756495400,1222916881100,1285460326500,1327690394700,1469596303300,1534966000000,1251172000000,..
GDP (current LCU),NY.GDP.MKTP.CN,Albania,ALB,16228430000,501199000000,563449000000,610494000000,677738000000,737656000000,804163000000,872735000000,965528000000,1080676000000,1143936000000,1239645000000,1300624000000,1332811000000,1350053000000,1395305000000,1434307000000,1472479000000,1550645485900,1636729604100,1691903429800,1647431071400,1856172101100,2138339000000
GDP (current LCU),NY.GDP.MKTP.CN,Algeria,DZA,555800002600,4123514000000,4227113000000,4522773000000,5252321000000,6149117000000,7561984000000,8501636000000,9352886000000,11043704000000,9968025000000,11991564000000,14588532000000,16209598000000,16647919000000,17228598000000,16712686000000,17514635000000,18876176000000,20393500000000,20500200000000,18476900000000,22079300000000,27688800000000
GDP (current LCU),NY.GDP.MKTP.CN,American Samoa,ASM,..,..,..,512000000,524000000,509000000,500000000,493000000,518000000,560000000,675000000,573000000,570000000,640000000,638000000,643000000,673000000,671000000,612000000,639000000,647000000,721000000,750000000,871000000
GDP (current LCU),NY.GDP.MKTP.CN,Andorra,AND,630395100,1551090000,1728690000,1865830000,2092490000,2331570000,2540880000,2755130000,2887770000,2789260000,2644840000,2602310000,2607220000,2481850000,2404540000,2462690000,2514510000,2616860000,2655760000,2725270000,2818420000,2531090000,2811000000,3187500000
GDP (current LCU),NY.GDP.MKTP.CN,Angola,AGO,335.9646477,91666100000,197110800000,665385000000,1328940000000,1967571000000,3222352000000,4209762000000,5006335000000,6643353000000,5577341000000,7701651000000,10500942000000,12224950000000,13195004000000,14323859000000,13950291000000,16549565000000,20262296000000,25627742000000,30330429000000,31700771000000,44535941000000,53375145477600
GDP (current LCU),NY.GDP.MKTP.CN,Antigua and Barbuda,ATG,1240570000,2231200000,2161300000,2198830000,2312270000,2483270000,2762000000,3125690000,3544450000,3699190000,3316490000,3101490000,3459610000,3583190000,3578650000,3722840000,3881940000,4022170000,4134110000,4486130000,4658450000,3809150000,4323690000,5042880000
GDP (current LCU),NY.GDP.MKTP.CN,Argentina,ARG,68921999360,284203750000,268696750000,312580000000,375909500000,485115194700,582538172900,715904271700,896980174100,1149646090600,1247929268900,1661720925900,2179024103600,2637913848200,3348308488200,4579086425400,5954510895700,8228159556500,10660228494800,14744810677300,21558444149200,27209814143300,46346227353600,82436433708700
GDP (current LCU),NY.GDP.MKTP.CN,Armenia,ARM,50310000,1031338300000,1175876800000,1362471700000,1624642700000,1907945400000,2242880900000,2656189800000,3149283400000,3568227600000,3141651000000,3460202700000,3777945600000,4266460500000,4555638200000,4828626300000,5043633200000,5067293500000,5564493300000,6017035200000,6543321800000,6181902600000,6991777800000,8501435500000
GDP (current LCU),NY.GDP.MKTP.CN,Aruba,ABW,1369000000,3353480000,3394658000,3511700000,3658960000,4036147000,4224431000,4420911000,4792978000,5089014000,4571290000,4391939000,4721768000,4681223000,4882851000,4995621000,5303604000,5340707000,5535448000,5864370000,6078480000,4580442283.94695,5554699541.70924,6345026940.62139
GDP (current LCU),NY.GDP.MKTP.CN,Austria,AUT,137548696000,213606480000,220525080000,226735220000,231862460000,242348260000,254075030000,267824450000,283977970000,293761910000,288044020000,295896640000,310128660000,318653040000,323910200000,333146070000,344269230000,357607950000,369361870000,385274090000,397147190000,380888460000,405241420000,447217640000
GDP (current LCU),NY.GDP.MKTP.CN,Azerbaijan,AZE,293200,4718100000,5315600000,6062500000,7146500000,8530200000,12522500000,18746200000,28360500000,40137200000,35601500000,42465000000,52082000000,54743700000,58182000000,59014100000,54380000000,60425200000,70337800000,80092000000,81896200000,72578100000,93203200000,133825800000
GDP (current LCU),NY.GDP.MKTP.CN,"Bahamas, The",BHS,3166000000,8076470000,8317830000,8881160000,8870090000,9055290000,9836200000,10167250000,10618340000,10526000000,9981960000,10095760000,10070450000,10720400000,10395500000,10974800000,11672900000,11750800000,12253500000,12653600000,13058700000,9754600000,11527600000,12897400000
GDP (current LCU),NY.GDP.MKTP.CN,Bahrain,BHR,1590400000,3407650000,3375050000,3607160000,4164130000,4944460000,6004240000,6957790000,8170480000,9667300000,8624770000,9668190000,10820000000,11561740000,12234840000,12553780000,11675040000,12120350000,13338140000,14213554000,14533647600,13017799700,14772540000,16688120000
GDP (current LCU),NY.GDP.MKTP.CN,Bangladesh,BGD,1039585474800,2685034000000,2913370000000,3142804000000,3483202000000,3832940000000,4270741000000,4823369660200,5497997000000,6286822000000,7050718000000,7975387000000,9158288000000,10552040389000,11989231719000,13436744000000,15158023000000,20758211000000,23243073000000,26392478000000,29514288000000,31704694000000,35301848000000,39717164000000
GDP (current LCU),NY.GDP.MKTP.CN,Barbados,BRB,4047000000,6119000000,6109000000,6213000000,6419000000,6889000000,7639000000,8434900000,9348000000,9570500000,8931000000,9062300000,9312800000,9227700000,9371100000,9415200000,9468000000,9686600000,9984600000,10220500000,10682200000,9477600000,9846200000,11399900000
GDP (current LCU),NY.GDP.MKTP.CN,Belarus,BLR,433,913380000,1717320000,2613830000,3656480000,4999180000,6506710000,7926700000,9716530000,12979080000,14209130000,17046580000,30724500000,54761670000,67068850000,80579000000,89910000000,94949000000,105748000000,122320000000,134732000000,149721000000,176879000000,191374000000
GDP (current LCU),NY.GDP.MKTP.CN,Belgium,BEL,170096820000,256376400000,264334900000,273255900000,281200200000,296819700000,310037600000,325151500000,343618900000,351743100000,346472800000,363140100000,375967800000,386174700000,392880000000,403003300000,416701400000,430085300000,445050100000,460050800000,478676200000,460747700000,507929600000,554044300000
GDP (current LCU),NY.GDP.MKTP.CN,Belize,BLZ,1091372731.04635,2269513521.24141,2336255947.88698,2480119080.18695,2606763721.51347,2788547981.20007,2936291912.39834,3168414706.44099,3398428597.82879,3463843128.1334,3362946696.86937,3478140590.88054,3637663876.35514,3799006499.72859,4043514868.36128,4250251212.51446,4389418618.48409,4481187085.95139,4533329634.17644,4585574671.24903,4773584952.21273,4095455620.13554,4849150358.75661,5661015151.36819
GDP (current LCU),NY.GDP.MKTP.CN,Benin,BEN,533629545100,2499926000000,2685133000000,2909671000000,3102021000000,3264365000000,3462851000000,3674800000000,3909982000000,4365330000000,4580012000000,4718034000000,5039213000000,5688291000000,6182559000000,6559333000000,6732814000000,7005230000000,7375302197900,7922004056100,8432247506700,9008810371200,9809693955700,10854508073200
GDP (current LCU),NY.GDP.MKTP.CN,Bermuda,BMU,1592400000,3480219000,3680483000,3937228000,4186525000,4484703000,4868136000,6144000000,6767000000,6980000000,6656000000,6634526000,6312691000,6378188000,6465756000,6413988000,6654541000,6899911000,7142316000,7225977000,7423465000,6887147000,7127200000,7546000000
GDP (current LCU),NY.GDP.MKTP.CN,Bhutan,BTN,5036894801.9,19075416200,21775566600,25318496700,28136274400,30931981200,35144971100,39643167200,48307804700,53416067000,59732832000,70783141400,82938207000,95186684100,102910374300,116388798800,128534632200,145072779900,168753306256.064,176672953234.965,192647758509.892,182107395426.235,204664401597.131,..
GDP (current LCU),NY.GDP.MKTP.CN,Bolivia,BOL,15443135928.0322,51928492100,53790326600,56682328500,61904448600,69626113100,77023817400,91747795300,103009182400,120693764200,121726745200,137875568000,166231562900,187153877600,211856031700,228003659200,228031369900,234533182000,259184717400,278387647200,282586680900,253112220700,279206231813.687,304097234686.708
GDP (current LCU),NY.GDP.MKTP.CN,Bosnia and Herzegovina,BIH,..,11819602100,12678173200,13982386800,14728006000,15998147500,17650338700,20057214800,22547858600,25519329600,24798520400,25364952600,26231262000,26222709800,26778754000,27358709700,28928938000,30265105000,31802727000,33941770000,35784879000,34727498000,39107068000,45504971000
GDP (current LCU),NY.GDP.MKTP.CN,Botswana,BWA,7052350000,29530900000,32065900000,34416000000,37181580600,42036500200,50752072000,57831669700,64870361100,73257846600,72399012700,85852896700,103330101800,106260330200,119867022300,138860798400,137052846800,164418211000,166646763500,173725394700,179901643500,171388715300,207742694600,251773797058.952
GDP (current LCU),NY.GDP.MKTP.CN,Brazil,BRA,11548794.5454545,1199092070900,1315755467800,1488787255200,1717950396400,1957751213000,2170584503400,2409449922100,2720262937800,3109803089000,3333039355400,3885847000000,4376382000000,4814760000000,5331619000000,5778953000000,5995787000000,6269328000000,6585479000000,7004141000000,7389131000000,7609597000000,8898727000000,9915317000000
GDP (current LCU),NY.GDP.MKTP.CN,British Virgin Islands,VGB,..,..,..,..,..,..,..,..,..,..,..,..,..,..,..,..,..,..,..,..,..,..,..,..
GDP (current LCU),NY.GDP.MKTP.CN,Brunei Darussalam,BRN,6381000000,10345988300,10035474000,10463065100,11424185700,13305817600,15864066900,18225800000,18458500000,20397900000,15611300000,18690000000,23303000000,23802306200,22639000000,21663600000,17778000000,15748000000,16747700000,18300700000,18374986800,16564437800,18822028200,23003104800
GDP (current LCU),NY.GDP.MKTP.CN,Bulgaria,BGR,45390600,28124880000,30986688000,34068712000,36637911000,41201297000,47017240000,53608436000,63494488000,72847049000,73181465000,74887599000,81126316000,82642828000,82253423000,84147688000,89571386000,95349439000,102682967000,109915576000,120342013000,120492425000,138979417000,167808976000
GDP (current LCU),NY.GDP.MKTP.CN,Burkina Faso,BFA,844374999000,2108160114900,2336620419500,2512872151500,2749159243200,2874882704500,3240716112600,3420539891800,3649928073800,4215340616100,4444600582300,5002181838700,5692822881100,6413105899900,6640134954900,6884466390200,6995311000000,7605123000000,8191299000000,8826081000000,9393802000000,10202268000000,10892462432700,11739197991100
GDP (current LCU),NY.GDP.MKTP.CN,Burundi,BDI,193878000000,627333193100,728046498300,768235261400,849482572100,1007615939900,1208244000000,1309900000000,1467231000000,1911139000000,2191509000000,2501047000000,2819534000000,3365858000000,3812471000000,4184999000000,4879178000000,4897101000000,5485068000000,5414485000000,5559586343900,5910572984093.3,6612792676127.73,7969716254713.15
GDP (current LCU),NY.GDP.MKTP.CN,Cabo Verde,CPV,21491983200,64538549100,69380256100,72758110600,79526708100,82086506800,86185500000,97384400000,132984301000,147629989000,148252372000,151962910000,162265346000,165135169000,168546702000,169550647000,173910814000,184402075000,195295176000,205986237000,221828589000,176319797000,186237291900,235002542500
GDP (current LCU),NY.GDP.MKTP.CN,Cambodia,KHM,..,14082638235000,15633218029000,16780539566000,18535164488000,21438339674000,25754291417000,29849484833000,35042180737000,41968385398000,43056731747000,47047985226000,52068692721000,56681569480000,61326928346000,67436791276000,73422701561000,81241866019000,89830524848000,99544274792000,110014048240000,105891753040000,110505915920000,121029927068200
GDP (current LCU),NY.GDP.MKTP.CN,Cameroon,CMR,3352800002000,7504468904900,8022307400000,8614011492400,9261144581200,9927778712300,10286732737000,10924187810000,11452867470000,12360954483000,13136692225000,13610554063000,14434774484000,15395858195000,16658553319000,17966123162000,19043066557000,20038566000000,20960865000000,22203329000000,23243662000000,23468507000000,24950288000000,27223411000000
GDP (current LCU),NY.GDP.MKTP.CN,Canada,CAN,695501000000,1106063000000,1144535000000,1193687000000,1254742000000,1335724000000,1421573000000,1496574000000,1577660000000,1657040000000,1571334000000,1666046000000,1774063000000,1827205000000,1902249000000,1994897000000,1990442000000,2025533000000,2140641000000,2235672000000,2313563000000,2209681000000,2509618000000,2782645000000
GDP (current LCU),NY.GDP.MKTP.CN,Cayman Islands,CYM,..,..,..,..,..,..,..,3500226200,3721883500,3821608900,3568081200,3464020400,3488380300,3575822800,3671482000,3802362800,3923457000,4091085500,4305217200,4608463600,4951560700,4706002000,5023624500,5704000000
GDP (current LCU),NY.GDP.MKTP.CN,Central African Republic,CAF,392255000000,651102539300,683069686500,690985647100,662425831200,670964091200,705416000000,763713000000,813587000000,889060000000,972276000000,1060142000000,1148896000000,1281561000000,835453000000,935578000000,1002592000000,1081516000000,1203324000000,1233635000000,1301484925000,1339227987800,1395475563300,1486181474900
GDP (current LCU),NY.GDP.MKTP.CN,Chad,TCD,473361073600,986128585300,1253017742400,1385349274600,1590551400000,2332340000000,3505903000000,3880944000000,4140247589300,4635650285500,4369368423300,5278516425000,5736183821300,6314235440000,6397746000000,6883356000000,6474000000000,5984000000000,5806796500000,6242756000000,6629554456200,6167632000000,6532361000000,7924336705800
GDP (current LCU),NY.GDP.MKTP.CN,Channel Islands,CHI,..,4256000000,4330000000,4446000000,4491000000,4672000000,4855000000,5259000000,5755000000,..,..,..,..,..,..,..,..,7044000000,7405000000,7812000000,8133000000,7653000000,8533000000,..
GDP (current LCU),NY.GDP.MKTP.CN,Chile,CHL,10096424396000,42215029917000,45409054801000,48428963170000,52897338900000,60391763165000,68467939844000,81577533476000,90159479206000,93867121298000,96138477277000,110777866880000,121509298510000,129973394040000,137309192010000,147951290040000,158622902850000,168764687920000,179314910110000,189434867410000,195752228490000,201428894220000,240371473140000,262593355840000
GDP (current LCU),NY.GDP.MKTP.CN,China,CHN,1887286882720,10028013925000,11086312305000,12171742475000,13742203492000,16184016091000,18731890312000,21943847482000,27009232372000,31924461278000,34851774374000,41211925580000,48794018053000,53857995347000,59296322955000,64356310454000,68885821805000,74639505948000,83203594856000,91928112907000,98651520229000,101356700223100,114923697861100,121020724436500
GDP (current LCU),NY.GDP.MKTP.CN,Colombia,COL,24030173000000,208531000000000,225851000000000,245323000000000,272345000000000,307762000000000,337958000000000,381604000000000,428506000000001,476554000000000,501574000000000,544060000000000,619023000000000,666507000000000,714093000000000,762903000000000,804692000000000,863782000000001,920471000000001,987791000000001,1.060068E+15,997742000000001,1.192586E+15,1.46252243952969E+15
GDP (current LCU),NY.GDP.MKTP.CN,Comoros,COM,116970000000,187035000000,207916000000,221623000000,237853000000,250633000000,258559000000,273659000000,285627000000,306288000000,319332000000,336947000000,361596000000,388984000000,413477000000,425713000000,428346000000,450159000000,469217000000,495235000000,525167000000,527650000000,539116000000,580485511300
GDP (current LCU),NY.GDP.MKTP.CN,"Congo, Dem. Rep.",COD,22.390333146,1317075195100,2231456730100,3025905347400,3623266448400,4113594421900,5670065000000,6767519545400,8648878513700,11067568514000,15101187902000,19536676926000,23759424583000,26954556933000,30051179396000,33223988462000,35111225972000,37517392392000,55676093127000,77180538689000,85314148014000,90181047764600,110114746435800,130071525126400
GDP (current LCU),NY.GDP.MKTP.CN,"Congo, Rep.",COG,762000000000,2292500000000,2048300000000,2104900000000,2031800000000,2455800000000,3506269000000,4217179000000,4203698000000,5195837000000,4572804000000,6505751000000,7377578000000,9033228000000,8869805400800,8847796130900,7351595596600,6477966441600,6871766653000,8206110586100,8189065738200,6601216383900,8221300306800,9866010149600
GDP (current LCU),NY.GDP.MKTP.CN,Costa Rica,CRI,522847900000,4627050524500,5254084454200,5965391259700,6885560043700,8150137801000,9577022226900,11613319991000,13889052911000,16208974699000,17626147745000,19802010593000,21623524557000,23752868569000,25462954639000,28001327621000,30171918864000,32056288212000,34343647498000,36014718708000,37832149784000,36495246082000,40326625935924.6,44810030571349.2
GDP (current LCU),NY.GDP.MKTP.CN,Cote d'Ivoire,CIV,2939329970200,11773496809000,12311998549000,12524564515000,12323837640000,12398020711000,12673666407000,13207658125000,13765549263000,15198896568000,15936745398000,17286284724000,17291860798000,18534370818000,21119264228000,24116592041000,27086367000000,28686711000000,30491647000000,32506103000000,35095179000000,36252000000000,39821444424000,43674852737000
GDP (current LCU),NY.GDP.MKTP.CN,Croatia,HRV,..,23958876957.0044,25750964000.0754,28297376745.4295,31166962062.5409,33648354371.7,36191371110.0163,39504344171.0645,43283563290.0212,46587715536.4902,44512859110.117,44368024653.1489,45070599940.5521,44641231079.8788,44793508152.9972,44668670645.0759,45837550853.0531,47441358822.8969,49626103642.3329,52060692537.3858,54909955833.5178,50569271092.9087,58407780688.1382,67993107878.1245
GDP (current LCU),NY.GDP.MKTP.CN,Cuba,CUB,21541368300,30565400000,31682400000,33590500000,35901200000,38203000000,42643836100,52742800000,58603900000,60806300000,62080000000,64328000000,68990000000,73141000000,77148000000,80656100000,87132800000,91370407863.7,96850649691.7406,100050036096.123,103427600000,107351800000,545217900000,633442300000
GDP (current LCU),NY.GDP.MKTP.CN,Curacao,CUW,..,3795715100,3836776800,3867804600,3941790100,4004517300,4196900700,4399071300,4642958400,5071922300,5135784200,5282903600,5244865104.71618,5392976899.23386,5430087805.03805,5476338521.76003,5475214789.29798,5414195436.55012,5429845514.20619,5452993026.96223,5416762167.16162,4536446390.57346,4903873903.66753,5504573694.15626
GDP (current LCU),NY.GDP.MKTP.CN,Cyprus,CYP,4366672700,10594981000,11416891000,11877037000,12845288000,13856442000,14822306000,16000018000,17511579000,19009576000,18675493000,19409974000,19803033000,19440777000,17994967000,17430161000,17883959000,18929340000,20245262000,21612598000,23177857000,22086566000,24927630000,27777000000
GDP (current LCU),NY.GDP.MKTP.CN,Czechia,CZE,731206852000,2386289000000,2579126000000,2690982000000,2823452000000,3079207000000,3285601000000,3530881000000,3859533000000,4042860000000,3954320000000,3992870000000,4062323000000,4088912000000,4142811000000,4345766000000,4625378000000,4796873000000,5110743000000,5410761000000,5791498000000,5709131000000,6108717000000,6785852000000
GDP (current LCU),NY.GDP.MKTP.CN,Denmark,DNK,855557153000,1326911504000,1371526218000,1410271027000,1436751240000,1506000798000,1585984170000,1682260207000,1738845296000,1801469912000,1722142505000,1810925601000,1846853613000,1895002254000,1929677034000,1981164991000,2036356221000,2107808218000,2192960002000,2253316249000,2310954835000,2320911896000,2550606325000,2831643856000
GDP (current LCU),NY.GDP.MKTP.CN,Djibouti,DJI,80388200000,97965300000,101730600000,105054800000,110550400000,118375000000,125939000000,136645000000,150693000000,177562000000,186449000000,200578000000,220222000000,240569000000,363051509000,393594981000,430865332500,462955248200,490968717300,517784221100,548954157500,566068217500,601732245500,624708661700
GDP (current LCU),NY.GDP.MKTP.CN,Dominica,DMA,543860000,900370000,918550000,899630000,926940000,991440000,983490000,1053680000,1137710000,1237110000,1320500000,1333330000,1352770000,1312190000,1345400000,1405160000,1459990000,1555820000,1408190000,1497880000,1651150000,1361380000,1499220000,1640090000
GDP (current LCU),NY.GDP.MKTP.CN,Dominican Republic,DOM,60305206122,393302968400,427319066300,477430189800,628611039700,935984734500,1083445000900,1261399667600,1458416518100,1661642680500,1736041063700,1983201682200,2210213934500,2386016247000,2619769696500,2925665101900,3205655136100,3487292512700,3802655772400,4235846766900,4562235075700,4456657376800,5392714102100,6260564018600
GDP (current LCU),NY.GDP.MKTP.CN,Ecuador,ECU,15231973000,18318601000,24468324000,28548945000,32432858000,36591661000,41507085000,46802044000,51007777000,61762635000,62519686000,69555367000,79276664000,87924544000,95129659000,101726331000,99290381000,99937696000,104295862000,107562008000,108108009000,99291124000,106165866000,115049476000
GDP (current LCU),NY.GDP.MKTP.CN,"Egypt, Arab Rep.",EGY,95800000000,340100000000,358700000000,378900000000,417500000000,485300000000,538500000000,617700000000,744800000000,895500000000,1042200000000,1206600000000,1371100000000,1674700000000,1860400000000,2130000000000,2443900000000,2709400000000,3655900000000,4666200000000,5596000000000,6152600000000,6663100000000,7842500000000
GDP (current LCU),NY.GDP.MKTP.CN,El Salvador,SLV,4817542204,11784927700,12282533600,12664190300,13243892200,13724810900,14698000000,15999890000,17011750000,17986890000,17601620000,18447920000,20283780000,21386150000,21990960000,22593470000,23438240000,24191430000,24979190000,26020850000,26881140000,24930080000,29451240000,32488720000
GDP (current LCU),NY.GDP.MKTP.CN,Equatorial Guinea,GNQ,30526167800,744726139300,1071071157000,1259278371800,1444135082900,2330139756500,4334400062300,5274146000000,6264840820000,8844107000000,7095919000000,8072293000000,10064618859000,11430511000000,10840521000000,10746852000000,7795420000000,6661366440400,7084543000000,7274689000000,6658371000000,5694742030100,6712590540900,7503600747800
GDP (current LCU),NY.GDP.MKTP.CN,Eritrea,ERI,..,6798819100,8508911500,10180013500,12077210600,15291082100,16880499400,18621613900,20263857800,21220402800,28546694100,24438800000,31749400000,..,..,..,..,..,..,..,..,..,..,..
GDP (current LCU),NY.GDP.MKTP.CN,Estonia,EST,..,6171645000,6987069000,7822580000,8744426000,9777459000,11343270000,13568930000,16401334000,16618064000,14131856000,14741103000,16677256000,17916682000,18910784000,20048226000,20631362000,21747910000,23833614000,25932176000,27764725000,27464982000,31444913000,36181437000
GDP (current LCU),NY.GDP.MKTP.CN,Eswatini,SWZ,2884071300,12062072300,13279341400,15096687000,16624280800,17893626800,20210659800,22287402500,24443057100,27213165100,30339380100,32497184600,35002132000,40118436200,44389631500,48001148500,51791348300,56132157900,58688938000,61786224500,64544790900,65588457778.9307,71712115852.356,78390422668.457
GDP (current LCU),NY.GDP.MKTP.CN,Ethiopia,ETH,25202595200,67159835100,68548836800,67067110300,73995583200,87325768600,107289698100,132651633500,173308781900,250206540400,337965157200,385876491200,515078541000,747326498000,866921083000,1060814376000,1297961440000,1568097000000,1832786000000,2200121000000,2690751000000,3374747000000,4341024000000,6157538000000
GDP (current LCU),NY.GDP.MKTP.CN,Faroe Islands,FRO,5946000000,8625600000,9656700000,10066500000,9894300000,10333200000,10553000000,11998700000,12732900000,12693700000,12308900000,13114200000,13452600000,14059500000,15108500000,16354800000,17317000000,18938200000,19677000000,20134800000,21785300000,21340800000,22979800000,25162300000
GDP (current LCU),NY.GDP.MKTP.CN,Fiji,FJI,1980000000,3572300000,3762000000,4009200000,4361200000,4693100000,5040000000,5325700000,5440100000,5614901400,5614080600,6024438100,6768488300,7109505300,7715729700,9167032441.77719,9822110337.91771,10327298779.0329,11064951592.9369,11650555594.7145,11762059234.9612,9613154937.34473,8914140560.81574,10962961832.4483
GDP (current LCU),NY.GDP.MKTP.CN,Finland,FIN,90959000000,136442000000,144628000000,148486000000,151749000000,158758000000,164687000000,172897000000,187072000000,194265000000,181747000000,188143000000,197998000000,201037000000,204321000000,206897000000,211385000000,217518000000,226301000000,233462000000,239858000000,238038000000,250923000000,268645000000
GDP (current LCU),NY.GDP.MKTP.CN,France,FRA,1053546000000,1478585000000,1538200000000,1587829000000,1630666000000,1704019000000,1765905000000,1848151000000,1941360000000,1992380000000,1936422000000,1995289000000,2058369000000,2088804000000,2117189000000,2149765000000,2198432000000,2234129000000,2297242000000,2363306000000,2437635000000,2317832000000,2502118000000,2639092000000
GDP (current LCU),NY.GDP.MKTP.CN,French Polynesia,PYF,328712064816.026,465103772700,476166357500,500435421900,519855929300,533783638000,547222000000,558643000000,577395000000,579049000000,563347000000,547877000000,531861000000,528755000000,541961000000,552599000000,572812000000,592618000000,616195000000,619934000000,641908000000,606541000000,620478000000,659815000000
GDP (current LCU),NY.GDP.MKTP.CN,Gabon,GAB,1620600000000,3608200000000,3679028000000,3701273000000,3776236000000,4097532000000,5052603000000,5395402000000,5961579000000,6944822000000,5696993000000,7111476556500,8581582503200,8766489229800,8690531739900,8988342089900,8503461562900,8310636115400,8668907682300,9368896705900,9886900000000,8814856282800,11211471754021.9,13143701758468.5
GDP (current LCU),NY.GDP.MKTP.CN,"Gambia, The",GMB,2498299900,10011609000,10783519400,11517189700,13895461100,28885956400,29367003000,29584431200,31830608000,34659278900,38638120500,43230706500,41531716100,45389296600,49463596600,51309079300,58581061600,64389939300,70142188200,80445799900,90793764500,93329809100,104946661300,120900824821.037
GDP (current LCU),NY.GDP.MKTP.CN,Georgia,GEO,15000,6043100000,6674000000,7456000000,8564100000,9824300000,11620900000,13789900000,16993800000,19074900000,17986000000,21821600000,25478700000,27227300000,28593100000,31124000000,33935000000,35836000000,40761600000,44599400000,49252653900,49266736200,60003323700,72265742900
GDP (current LCU),NY.GDP.MKTP.CN,Germany,DEU,1463577584000,2109090000000,2172540000000,2198120000000,2211570000000,2262520000000,2288310000000,2385080000000,2499550000000,2546490000000,2445730000000,2564400000000,2693560000000,2745310000000,2811350000000,2927430000000,3026180000000,3134740000000,3267160000000,3365450000000,3474110000000,3403730000000,3617450000000,3876810000000
GDP (current LCU),NY.GDP.MKTP.CN,Ghana,GHA,192079100,2715250000,3807070000,4886200000,6615770000,7988791000,9726080000,19112044100,23154448200,30178598000,36597592000,46042100100,59816320900,75315365300,124477578800,158683996800,183525639100,219594593000,262797968800,308587391700,356544269800,391940733200,461694936000,610222292300
GDP (current LCU),NY.GDP.MKTP.CN,Gibraltar,GIB,..,..,..,..,..,..,..,..,..,..,..,..,..,..,..,..,..,..,..,..,..,..,..,..
GDP (current LCU),NY.GDP.MKTP.CN,Greece,GRC,45538936000,141247276000,152193838000,163460764000,178904903000,193715824000,199242312000,217861568000,232694593000,241990390000,237534181000,224124030000,203308218000,188380636000,179884380000,177235976000,176368863000,174494176000,176903369000,179557676000,183347418000,165015741000,181500373000,206620394000
GDP (current LCU),NY.GDP.MKTP.CN,Greenland,GRL,6306000000,8633000000,9040000000,9230000000,10268600000,10918700000,11093100000,11971500000,12247300000,12740700000,13562800000,14078000000,14412100000,15116500000,15079500000,15951000000,16813800000,18223700000,18828900000,19296100000,19990400000,20168700000,20343900000,..
GDP (current LCU),NY.GDP.MKTP.CN,Grenada,GRD,750866660,1404119800,1405199300,1458909700,1595749700,1617620200,1878000000,1886491800,2048445700,2230135300,2082444000,2081740000,2102370000,2159680000,2275070000,2461040000,2691920000,2866430000,3039350000,3149590000,3276410000,2817210000,3031560000,3281523720.31662
GDP (current LCU),NY.GDP.MKTP.CN,Guam,GUM,..,..,..,3394000000,3569000000,3869000000,4213000000,4238000000,4397000000,4658000000,4828000000,4949000000,4984000000,5265000000,5399000000,5610000000,5799000000,5901000000,6013000000,6056000000,6366000000,5886000000,6123000000,..
GDP (current LCU),NY.GDP.MKTP.CN,Guatemala,GTM,34316931700,149743023000,144639135000,159908446000,171335652000,187356905000,204462894000,226134533000,257576324000,291089203000,303007101000,327762554000,364949303000,388499254000,416383221000,447326327000,476022821000,502001705000,526507414000,551368082100,593972019900,600089443300,665567936200,736108984100
GDP (current LCU),NY.GDP.MKTP.CN,Guinea,GIN,1760500000000,5232506216200,5518979789300,5829131709300,6840950000000,8157718293700,10703668446000,21727824076000,26369932404000,32047000719000,32248417681000,39243443549000,45175655671000,53358078042000,57864627320000,61573256815000,65829149255000,77087903007000,93833883938000,106845291580000,123457571240000,135612165000000,157104658970000,182569407513366
GDP (current LCU),NY.GDP.MKTP.CN,Guinea-Bissau,GNB,8202590300,263555000000,287555000000,289838000000,276877000000,280577000000,309516000000,309467000000,333565000000,387197000000,390403000000,420515000000,518288000000,505078658700,516662157300,520872300700,619725621200,698684930600,783989395300,835741534500,843500000000,824100000000,908608274600,1018948330700
GDP (current LCU),NY.GDP.MKTP.CN,Guyana,GUY,15664999400,130012004400,133403800000,138447850000,144064000000,156229500000,164873000000,476411796400,552603000000,616029000000,645637000000,699064000000,753107000000,830326000000,856042000000,852152000000,883787000000,925677000000,980498000000,994472000000,1078729000000,1140757000000,1676624000000,3068784000000
GDP (current LCU),NY.GDP.MKTP.CN,Haiti,HTI,15481449000,133691930700,150884945100,168056098790,205183619390,241564076570,274063476620,316615042440,345149437450,399233924460,471795554900,478044247100,524124004000,569992486400,642673665900,675911848200,721054964980,849404900100,990712417920,1073066120100,1263386318400,1449887922300,1693774236400,2168222876400
GDP (current LCU),NY.GDP.MKTP.CN,Honduras,HND,20243415276,106654200000,118415700000,129166600000,142817800000,161507500000,183747400000,206288000000,233567200000,262416900000,275632200000,299286000000,335027800000,361348500000,376539400000,414633500000,460405200000,495921900000,543403000000,575284900000,614917700000,585733600000,684203800000,776635600000
GDP (current LCU),NY.GDP.MKTP.CN,"Hong Kong SAR, China",HKG,599256000000,1337501000000,1321142000000,1297341000000,1256669000000,1316949000000,1412125000000,1503351000000,1650756000000,1707487000000,1659245000000,1776332000000,1934430000000,2037059000000,2138305000000,2260005000000,2398280000000,2490598000000,2659611000000,2835429000000,2845022000000,2675793000000,2867622000000,2818046000000
GDP (current LCU),NY.GDP.MKTP.CN,Hungary,HUN,..,13324052000000,15398700000000,17433859000000,19130011000000,21110059000000,22594966000000,24345409000000,25741898000000,27249944000000,26520776000000,27485093000000,28538202000000,28996631000000,30351903000000,32804707000000,34965213000000,36206666000000,39274757000000,43386710000000,47674187000000,48425421000000,55198927000000,66075190000000
GDP (current LCU),NY.GDP.MKTP.CN,Iceland,ISL,377022536000,709561315000,802276656000,854139932000,876732708000,970421488000,1061428264000,1225716056000,1386951246000,1589625135000,1626390727000,1680966939000,1765008670000,1845159750000,1970145725000,2086359608000,2310847787000,2512054819000,2641959405000,2844054748000,3026099913000,2920473195000,3250399268000,3796566848000
GDP (current LCU),NY.GDP.MKTP.CN,India,IND,5761092055700,21398856906000,23152429571000,24926137847000,27925301414000,31863319238000,36321246607000,42546289838000,48986620591000,55141523847000,63664065417000,76344721044000,87363287114000,99440131062000,112335216120000,124679592930000,137718738790000,153916690150000,170900423610000,188996684450000,201035928570000,198299270530000,234710117360000,272407121723700
GDP (current LCU),NY.GDP.MKTP.CN,Indonesia,IDN,195597200000000,1.3897699E+15,1.646322E+15,1.8218334E+15,2.0136746E+15,2.2958262E+15,2.7742811E+15,3.3392168E+15,3.9508932E+15,4.9486883972E+15,5.6062033658E+15,6.8641331E+15,7.831726E+15,8.6157045E+15,9.546134E+15,1.05697053E+16,1.15263328E+16,1.24017285E+16,1.35898257E+16,1.4838756E+16,1.58326572E+16,1.54433532E+16,1.69766908E+16,1.95884456E+16
GDP (current LCU),NY.GDP.MKTP.CN,"Iran, Islamic Rep.",IRN,37986542436154.8,628070077410000,738307447970000,1.0236130095E+15,1.2581287416E+15,1.6370321067E+15,2.0299076605E+15,2.4422121132E+15,3.2473042552E+15,3.887723271E+15,4.1074662219E+15,5.035812289E+15,6.89599970641212E+15,7.89567680194338E+15,1.06349977961169E+16,1.22547075850814E+16,1.21038900865717E+16,1.44088908141246E+16,1.67364189901866E+16,2.16270699687997E+16,2.73640132470194E+16,4.07913768579528E+16,6.67745028405847E+16,1.04350049951473E+17
GDP (current LCU),NY.GDP.MKTP.CN,Iraq,IRQ,55926500000,50213699900000,41314568500000,41022927400000,29585788600000,53235358700000,73533598600000,95587954800000,111455813400000,157026061600000,130643200400000,162064565500000,217327107400000,254225490700000,273587529200000,266332655100000,194680971800000,196924141700000,221665709500000,268918874000000,276157867600000,215661517000000,301152819000000,383064152000000
GDP (current LCU),NY.GDP.MKTP.CN,Ireland,IRL,37851934000,108495289000,122089174000,135997894000,145576854000,156259951000,170306765000,184916243000,197069396000,187282983000,169519713000,167391394000,171823511000,175218480000,179285627000,195469876000,263506832000,269724840000,298528309000,327441366000,356357386000,375249648000,434069740000,506282419000
GDP (current LCU),NY.GDP.MKTP.CN,Isle of Man,IMN,428885000,1058134000,1159235000,1261677000,1379730000,1530565000,1667820000,1860211000,2232157000,3225061000,3522159000,3831539000,4097902000,4235229000,4478379000,4684659000,4637321000,5070660000,5423135000,5615231000,5730875000,5213696000,..,..
GDP (current LCU),NY.GDP.MKTP.CN,Israel,ISR,..,554658652000,566237877000,592512219000,597952947000,627359651000,660068849000,707003822000,756104521000,791265462000,833529792000,891237382000,954615753000,1011340215000,1075041111000,1124649387000,1179320725000,1237057240000,1289524316000,1352532822000,1434617152000,1422635043000,1578037629000,1763805784000
GDP (current LCU),NY.GDP.MKTP.CN,Italy,ITA,730940578000,1241512900000,1304136800000,1350258900000,1394693200000,1452319000000,1493635300000,1552686800000,1614839800000,1637699400000,1577255900000,1611279400000,1648755800000,1624358700000,1612751300000,1627405600000,1655355000000,1695786800000,1736592800000,1771391200000,1796648500000,1661239800000,1822344500000,1946479100000
GDP (current LCU),NY.GDP.MKTP.CN,Jamaica,JAM,32990537700,387089000000,422923000000,470555000000,544510000000,622661000000,700276000000,784336000000,885632000000,997444000000,1065317000000,1152781000000,1240702000000,1314126000000,1432096000000,1541903000000,1659677000000,1760975000000,1895025000000,2027251000000,2110433000000,1966928000000,2210219000000,2623255000000
GDP (current LCU),NY.GDP.MKTP.CN,Japan,JPN,461295100000000,535417700000000,531653900000000,524478700000000,523968600000000,529400900000000,532515600000000,535170200000000,539281700000000,527823800000000,494938400000000,505530600000000,497448900000000,500474700000000,508700600000000,518811000000000,538032300000000,544364600000000,553073000000000,556630100000000,557910800000000,539082400000000,549379300000000,556523000000000
GDP (current LCU),NY.GDP.MKTP.CN,Jordan,JOR,2761100000,5998700000,6363700000,6794000000,7228700000,8090900000,8925600000,10675400000,12131300000,16080143000,17421892000,19265001000,20962145900,22460538800,24462652500,26161826900,27396782700,28323711300,29541989500,30793311100,31597000000,31027272000,32870231100,34543901064.2542
GDP (current LCU),NY.GDP.MKTP.CN,Kazakhstan,KAZ,92700000,2599901600000,3250593300000,3776277300000,4611975300000,5870134300000,7590593500000,10213731200000,12849794000000,16052919200000,17007647000000,21815517000000,28243052700000,31015186600000,35999025100000,39675832900000,40884133600000,46971150000000,54378857800000,61819536400000,69532626500000,70649033200000,83951587900000,103765518200000
GDP (current LCU),NY.GDP.MKTP.CN,Kenya,KEN,196433610000,967836930000,1020221000000,1035373000000,1131782000000,1274329000000,1415725000000,1862041000000,2151349000000,2483058000000,3275642000000,3597630000000,4162514000000,4767191000000,5311322000000,6003835000000,6884317000000,7594064000000,8483396000000,9340307000000,10237727000000,10715070000000,12027662000000,13368340000000
GDP (current LCU),NY.GDP.MKTP.CN,Kiribati,KIR,55000000,116000000,122000000,132884800,139128500,139198700,146839400,146392000,158556000,168151000,169788800,169307800,175155500,183144800,191157700,197320400,226674400,240131400,246000000,263000000,252000000,258000000,303000000,322000000
GDP (current LCU),NY.GDP.MKTP.CN,"Korea, Dem. People's Rep.",PRK,..,..,..,..,..,..,..,..,..,..,..,..,..,..,..,..,..,..,..,..,..,..,..,..
GDP (current LCU),NY.GDP.MKTP.CN,"Korea, Rep.",KOR,200556200000000,651634400000000,707021300000000,784741300000000,837365000000000,908439200000000,957447800000000,1.0056015E+15,1.0896602E+15,1.1542165E+15,1.2053477E+15,1.3226112E+15,1.3889372E+15,1.4401114E+15,1.5008191E+15,1.5629289E+15,1.6580204E+15,1.7407796E+15,1.8356982E+15,1.8981926E+15,1.9244981E+15,1.9407262E+15,2.0801985E+15,2.1617739E+15
GDP (current LCU),NY.GDP.MKTP.CN,Kosovo,XKX,..,..,..,..,..,..,..,..,..,3537599000,3610441000,4030990000,4555904000,4797274000,5071332000,5325095000,5674423000,6037271000,6356456000,6671521000,7056172000,6771602000,7957875000,8936177000
GDP (current LCU),NY.GDP.MKTP.CN,Kuwait,KWT,5307200000,11570300000,10700000000,11590000000,14267200000,17516700000,23593200000,29469500000,32580600000,39619800000,30496200000,33079200000,42522800000,48722300000,49392100000,46284900000,34473300000,33055700000,36610565200,41731084900,41349336400,32445021100,41441000000,53705000000
GDP (current LCU),NY.GDP.MKTP.CN,Kyrgyz Republic,KGZ,42800000,65357700000,73883500000,75366800000,83871400000,94350700000,100899200000,113800100000,141897700000,187991900000,201222900000,220369300000,285989100000,310471300000,355294800000,400694000000,430489400000,476331200000,530475700000,569385600000,654015200000,639688600000,782854300000,971034900000
GDP (current LCU),NY.GDP.MKTP.CN,Lao PDR,LAO,612599988200,13638378021000,15701800000000,17681982600000,21277279467000,25049270658000,29147834246000,35081076407000,40553790510000,47602813795000,49673414248000,58866800648000,70256887355000,81609860356000,93867573852000,106797293550000,117252000000000,129279000000000,140749000000000,152414000000000,162657000000000,171705383000000,182584101000000,217107907000000
GDP (current LCU),NY.GDP.MKTP.CN,Latvia,LVA,..,6868490000,7470967000,8406365000,9571793000,11096723000,13662280000,17199979000,22703836000,24527909000,19000008000,18087980000,19763840000,21924455000,22749010000,23625802000,24572126000,25371324000,26984433000,29153556000,30572869000,30109462000,33348932000,38870028000
GDP (current LCU),NY.GDP.MKTP.CN,Lebanon,LBN,1972999946200,26020000000000,26607000000000,28872000000000,30275000000000,31898440698000,32407234772000,33199235101000,37427237685000,43896766029000,53364871265000,57954189866000,60190142387000,66355325270000,70671755394000,72503534723000,75268476789000,77104567977000,79939228634000,82764040127000,80195660490000,116954329000000,271915973000000,..
GDP (current LCU),NY.GDP.MKTP.CN,Lesotho,LSO,1543104800,6157651700,7108593800,8177271600,8758658800,9761984300,10698574300,12189415000,11851232400,14596777300,14751776400,16357954100,18726255900,20346890600,22840746100,26492017600,30107080100,31353871100,30727156300,33829187500,34126707000,34034351600,34711730500,36584527300
GDP (current LCU),NY.GDP.MKTP.CN,Liberia,LBR,..,874000000,906000000,927000000,748000000,897000000,949000000,1119000000,1373000000,1726000000,1768000000,1998000000,2398000000,2791614000,3177198100,3225652000,3227075700,3398419600,3390703400,3422754800,3319596500,3039982500,3509000000,4001046970
GDP (current LCU),NY.GDP.MKTP.CN,Libya,LBY,8185000000,19602000000,20640000000,26012000000,33620000000,43059000000,61932000000,78938100000,85901500000,106096000000,76225600000,95491600000,58966500000,116755200000,95823400000,73000700000,67289100000,69396200000,93605400000,104673900000,96835500000,65001000000,179667000000,220214000000
GDP (current LCU),NY.GDP.MKTP.CN,Liechtenstein,LIE,1974700900,4194900000,4205200000,4190500000,4135300000,4295500000,4556500000,5015500000,5523400000,5503700000,4901400000,5300400000,5097100000,5116100000,5924500000,6099300000,6032700000,6146200000,6375200000,6544600000,6396400000,6014100000,7046100000,..
GDP (current LCU),NY.GDP.MKTP.CN,Lithuania,LTU,..,13351454000,14177014000,15182389000,16649996000,18219669000,20979923000,24053291000,29011219000,32660067000,26897015000,28033833000,31317168000,33410163000,35039541000,36581311000,37345698000,38889862000,42276297000,45515226000,48959160000,49873172000,56478107000,67399062000
GDP (current LCU),NY.GDP.MKTP.CN,Luxembourg,LUX,10585952000,22986027000,23879889000,25011094000,26227287000,28189387000,30280986000,34175045000,37641903000,40009559000,39050743000,42402715000,44323466000,46526238000,49094489000,51791322000,54142304000,56208068000,58168784000,60121164000,62431529000,64524267000,72360860000,77529000000
GDP (current LCU),NY.GDP.MKTP.CN,"Macao SAR, China",MAC,26040000000,54369000000,55112000000,59220000000,66147000000,85382000000,97415000000,119014000000,148181000000,168639000000,172363000000,225997000000,295438000000,345080000000,411739000000,438516000000,359708000000,360344000000,404381000000,445527000000,444540000000,202471000000,247926000000,193906000000
GDP (current LCU),NY.GDP.MKTP.CN,Madagascar,MDG,1174798178500,6265668346500,7166084523000,7312517881300,7891241683000,9465265240700,11736268677000,13701545531000,15974088180000,18322512467000,18812595596000,20863367561000,23393792065000,25415464299000,27417720539000,30240583633000,33216175582000,37637585996000,41058842552000,45886302017000,51035216506000,49435649383000,55744385864000,62680860911240
GDP (current LCU),NY.GDP.MKTP.CN,Malawi,MWI,7469189797.96293,151080955400,180349563400,390113132800,455035943900,550920593200,630038654600,791364591300,902893964000,1088154018100,1271897950800,1524177906400,1823114919200,2185457550900,2926763440900,3739646523700,4606103177100,5679325217400,6531224000000,7235940000000,8219853000000,9036385000000,10156208000000,12493783000000
GDP (current LCU),NY.GDP.MKTP.CN,Malaysia,MYS,119081000000,356401000000,352579000000,383213000000,418769000000,474048000000,543578000000,596784000000,665340000000,769949000000,712857000000,821434000000,911733000000,971252000000,1018614000000,1106443000000,1176941187000,1249697694000,1372309832000,1447759635000,1512737754000,1418490911000,1548898030000,1791357528000
GDP (current LCU),NY.GDP.MKTP.CN,Maldives,MDV,2054100000,7348448200,10651000000,11482000000,13467149516.4464,15703418429.6377,14891039159.3943,20162565003.9667,23915308285.9964,29077071208.2527,30019774446.9517,33128653547.6667,40511084367.1198,44345433581.4293,50633451385.4868,56866746459.7965,63455345610.5951,67773797492.7978,74110201545.9237,83177380050.7602,88079030673.8162,57104573453.1511,80773786471.8915,94945304410.0204
GDP (current LCU),NY.GDP.MKTP.CN,Mali,MLI,730190242600,2103270238000,2540202707500,2711115443400,2733678207000,2876233000000,3294055000000,3607837000000,3903961000000,4387928186200,4812024616500,5288939000000,6123929000000,6352360000000,6540560000000,7092793000000,7747690000000,8311915000000,8922205000000,9481952937800,10124689257000,10052835647000,10707689833000,11743634002838.8
GDP (current LCU),NY.GDP.MKTP.CN,Malta,MLT,1885665200,4153347577.25673,4285837182.61129,4515597860.48418,4787522734.83323,4895548668.49716,5159253744.03766,5403002129.85784,5790276387.80313,6206020687.90188,6259644872.2506,6815803641.69916,6924597593.59516,7364460035.40635,7944345732.67431,8751102047.10707,9996709856.47688,10541130290.478,11936597419.9444,13044024383.0367,14285608022.074,13353750729.3643,15292623516.7938,17212471076.2957
GDP (current LCU),NY.GDP.MKTP.CN,Marshall Islands,MHL,78476000,115347500,122824000,131738200,131398500,132934600,137666300,142745200,149870000,145969100,150624900,160318500,171567100,179855800,185468000,185172900,182997300,200716000,212701200,219430038.452148,231996704.101563,240751144.40918,257784881.591797,258774475.097656
GDP (current LCU),NY.GDP.MKTP.CN,Mauritania,MRT,12147086350,42516905600,44634477800,48289612500,53951335500,62684948400,77980678600,105279845900,112387258000,124019067700,123694877400,155297484400,190166085500,199572130500,217184508000,199572600000,200220600000,225473200000,243406900000,266637600000,289665500000,307210500000,332595400000,361696335150.565
GDP (current LCU),NY.GDP.MKTP.CN,Mauritius,MUS,39440000000,122410117200,134391830500,145055337400,162290576600,180908355100,191393481100,222870000000,255211000000,284254000000,291756000000,307957000000,330647000000,350644000000,377411000000,400351000000,420936000000,447620000000,472861000000,500047000000,512108000000,448874000000,478807000000,572111000000
GDP (current LCU),NY.GDP.MKTP.CN,Mexico,MEX,734801827000,7016603942000,7437107660000,7827757973000,8259533149000,9248389798000,9999598960000,11120115768000,12046753155000,12927761289000,12749117923000,13968149526000,15268436665000,16529124024000,16954005681000,18137650609000,19228614671000,20758790505000,22536210257000,24176670376000,25143134201000,24079804339000,26608701425000,29503758304000
GDP (current LCU),NY.GDP.MKTP.CN,"Micronesia, Fed. Sts.",FSM,147200000,233271800,240970900,242517200,245432900,240236000,250281900,253541900,256787200,263145100,280284600,296944100,311301600,327248700,317214400,319271200,316489900,332265200,366666800,401932300,416000000,408000000,406000000,424000000
GDP (current LCU),NY.GDP.MKTP.CN,Moldova,MDA,..,16019558000,19051531000,22555858000,27619000000,32032000000,37652000000,44754000000,53430000000,62922000000,60429803000,86275377400,98772813600,105480183900,119532870700,131964258400,146740205200,159010419100,176007292900,189062627300,206256239200,199733683700,242078629000,274207499000
GDP (current LCU),NY.GDP.MKTP.CN,Monaco,MCO,2059800000,2874000000,2985300000,3087700000,3180000000,3250700000,3379700000,3653100000,4287400000,4421500000,3924900000,4048800000,4374200000,4469800000,4936000000,5321300000,5643600000,5841200000,5693000000,6081900000,6595900000,5900600000,7293300000,8341500000
GDP (current LCU),NY.GDP.MKTP.CN,Mongolia,MNG,12803928300,1224062063100,1391878162500,1550609921100,1829072230300,2361156946300,3041405736500,4027558620100,4956647181200,6555569353600,6590637139700,9756588400000,13173763400000,16688419554000,19174242645000,22227054279000,22894780891000,23931342642000,28010710566000,32582629019000,37839225358000,37453275328000,43555484407000,53851544500000
GDP (current LCU),NY.GDP.MKTP.CN,Montenegro,MNE,..,1065699000,1295110000,1360353000,1510128000,1669783000,1814994000,2169629000,2689128000,3103332000,2993886000,3125090000,3264781000,3181477000,3362481000,3457922000,3654512000,3954211000,4299091000,4663130000,4950717000,4185553000,4955116000,5924018000
GDP (current LCU),NY.GDP.MKTP.CN,Morocco,MAR,248753508800,457103481100,495426125000,518837735100,555595350000,586301365800,610379364600,667442466200,712306259300,789160621300,815015565700,848999414900,890538547400,922703408000,972847042400,1001454000000,1078119000000,1094249000000,1148895000000,1195237000000,1239836000000,1152477000000,1274727000000,1330158000000
GDP (current LCU),NY.GDP.MKTP.CN,Mozambique,MOZ,..,90307729900,116978761400,140902062600,156571193600,179233890400,204516281100,241557230800,279371709900,313972580300,337481536000,387549074600,424947383000,473491595600,517732700300,563666356000,648075352100,761028906900,843423195300,905940307600,970297226600,988863485400,1058441811500,1175291808600
GDP (current LCU),NY.GDP.MKTP.CN,Myanmar,MMR,151941400000,2552732500000,3548472200000,5625254700000,7716616200000,9078928500000,12286765400000,16852757800000,23336112700000,29233288000000,33894039100000,39776764900000,46307887700000,51259260000000,58011626000000,65261890200000,72714021200000,79690363000000,89547993900000,100244307200000,112633324500000,107916476500000,113480192800000,125338951900000
GDP (current LCU),NY.GDP.MKTP.CN,Namibia,NAM,7218423399.6,27219616600,30625794400,35302751800,37267277400,42693441700,46223734400,54148842400,62357555400,71026304000,76184185600,83795110900,91420837000,106863600500,117423149200,134835972800,146018649600,157707675300,171570012800,181067043600,181210794000,174243078100,183939687500,211234804595.947
GDP (current LCU),NY.GDP.MKTP.CN,Nauru,NRU,..,..,..,..,..,43000000,40000000,39000000,29000000,42000000,60000000,54000000,66000000,98000000,92000000,108000000,102000000,134000000,145000000,169000000,175000000,186000000,195000000,209000000
GDP (current LCU),NY.GDP.MKTP.CN,Nepal,NPL,103416000000,379488000000,441518545600,459443000000,492231000000,536749000000,589412000000,654084000000,727827000000,815658000000,988272000000,1192774000000,1559222569200,1758379177900,1949294818500,2232525283500,2423638482800,2608184437700,3077144919300,3455949289800,3858930402400,3888703650900,4352550241000,4933696581300
GDP (current LCU),NY.GDP.MKTP.CN,Netherlands,NLD,263036502000,452007000000,481881000000,501137000000,512810000000,529286000000,550883000000,584546000000,619170000000,647198000000,624842000000,639187000000,650359000000,652966000000,660463000000,671560000000,690008000000,708337000000,738146000000,773987000000,813055000000,796530000000,870587000000,958549000000
GDP (current LCU),NY.GDP.MKTP.CN,New Caledonia,NCL,250426998780,441871689700,439382912200,471996332200,518544966900,565527882900,598402122300,663296638900,767977072000,735713380100,744715000000,842913000000,887425000000,897146000000,912104000000,955285000000,939822000000,940568000000,969083000000,1000000000000,1010000000000,990000000000,1016000000000,1092000000000
GDP (current LCU),NY.GDP.MKTP.CN,New Zealand,NZL,76127000000,119839000000,128712000000,135181000000,144502000000,154559000000,162937000000,172004000000,186673000000,189406000000,194307000000,203342000000,213025000000,217489000000,232793000000,242670000000,255340000000,271271000000,290709000000,306231000000,323447000000,327795000000,361299000000,391301874951.468
GDP (current LCU),NY.GDP.MKTP.CN,Nicaragua,NIC,156465600,64812005100,71563317800,74445035500,80390359200,92323401500,105776805200,118838000000,136950000000,164602000000,168792000000,187053000000,219182000000,247993000000,271530000000,308403000000,347707000000,380261000000,414280000000,410988000000,420614000000,435395000000,497525000000,562209000000
GDP (current LCU),NY.GDP.MKTP.CN,Niger,NER,956291000000,1592111000000,1793433000000,1930044000000,1968221000000,1983025000000,2311140000000,2484845000000,2743282000000,3254730000000,3457659000000,3884725000000,4134241000000,4812970000000,5050073000000,5363658000000,5725216000000,6162424000000,6494706283190.84,7130436979398.65,7552132556043.4,7911229969663.47,8270826368456.92,9569895311424.1
GDP (current LCU),NY.GDP.MKTP.CN,Nigeria,NGA,494643670980,7062751068400,8234493679700,11501450399000,13556973688000,18124060020000,23121878997000,30375178717000,34675943737000,39954211886000,43461458621000,54612264177000,63134734885000,72351452212000,81009964620000,90136984656000,95177735684000,102575418030000,114899249900000,129086907450000,145639139380000,154252318900000,176075501870000,202365026790000
GDP (current LCU),NY.GDP.MKTP.CN,North Macedonia,MKD,532000000,248646000000,252393000000,258581000000,268694000000,280786000000,308447000000,334840000000,372889000000,414890000000,414622000000,437296000000,464186000000,466703000000,501891000000,527631000000,558954000000,594795000000,618106000000,660878000000,692683000000,669280177800,729444530815.494,794798212000
GDP (current LCU),NY.GDP.MKTP.CN,Northern Mariana Islands,MNP,..,..,..,1284000000,1239000000,1210000000,1061000000,990000000,938000000,939000000,795000000,799000000,729000000,746000000,772000000,832000000,910000000,1230000000,1560000000,1301000000,1181000000,858000000,..,..
GDP (current LCU),NY.GDP.MKTP.CN,Norway,NOR,749861000000,1509132000000,1566708000000,1564145000000,1624095000000,1788123000000,1997037000000,2224871000000,2360174000000,2622135000000,2439712000000,2605351000000,2809929000000,2983082000000,3090335000000,3161776000000,3130183000000,3116035000000,3323103000000,3576581000000,3596937000000,3461575000000,4211620000000,5570664000000
GDP (current LCU),NY.GDP.MKTP.CN,Oman,OMN,4492900000,7500615500,7479294200,7744889700,8318160800,9521647600,11951025800,14309467300,16181828400,23418146500,18605325800,24990000000,29797800000,33608700000,34580400000,35642800000,30264300000,28887000000,31089400000,35184000000,33859400000,29187163400,33909815300,44089600000
GDP (current LCU),NY.GDP.MKTP.CN,Pakistan,PAK,855943000000,5147094961300,5655817907900,6030116987000,6581622987800,7611677902900,8619231796800,9689070773700,11165234339600,12647136760800,14705697558500,16507053350300,19731030411400,22344639137200,25042169405200,27952815352700,30425879918400,32725049000000,35552819000000,39189810000000,43798401000000,47540409000000,55836225000000,66623563947700
GDP (current LCU),NY.GDP.MKTP.CN,Palau,PLW,..,146297500,156907900,163184900,153963200,165186200,190452900,192382400,198897700,198283900,187522800,185943000,196911100,212397800,221117200,241669800,280457700,298300000,285600000,288546281.25,281970375,257885921.875,232903015.625,..
GDP (current LCU),NY.GDP.MKTP.CN,Panama,PAN,6433967000,12304115000,12502013400,12994310400,13693981200,15013381700,16374393900,18141666300,21295984200,25155888600,27116635600,29440287600,34686224300,40429700000,45599900000,49921400000,54091800000,57907700000,62202700000,67294169200,69721787500,57086836900,67406738100,76522511800
GDP (current LCU),NY.GDP.MKTP.CN,Papua New Guinea,PNG,3076200000,9735800000,10396300000,11655500000,12567346700,12652124500,15094000000,25538749000,28304313400,31512437600,32013264100,38752078700,42642222800,44371635600,47721285900,57130774000,60139423700,65038163500,72521646100,79404670700,83845179700,82515000000,91625732515.011,111241167818.15
GDP (current LCU),NY.GDP.MKTP.CN,Paraguay,PRY,7147738440400,30874087613300,34883186504100,41135696942300,49411959699800,57501991731700,66335828408400,75681657797800,89866048799900,107403590628100,111030933590100,129092883480000,141486449392600,147225506094700,166350805107500,180174060966200,188477326977400,204647273075000,219122277202800,230576477470400,236681497060700,239914728793800,270633896196500,291336457145400
GDP (current LCU),NY.GDP.MKTP.CN,Peru,PER,5466950101.3,180584000000,182527000000,192691000000,204337000000,227935000000,250749000000,290271000000,319693000000,352719000000,363943000000,416784000000,473049000000,508131000000,543556000000,570041000000,604416000000,647668000000,687989000000,731588000000,761984000000,705795000000,868149000000,930536000000
GDP (current LCU),NY.GDP.MKTP.CN,Philippines,PHL,1227881702400,3697556200000,4024398940200,4350559772100,4717808940500,5323904177200,5917282301200,6550417112900,7198244887800,8050200620600,8390421456300,9399450758100,10144661327000,11060588831000,12050591984000,13206828252000,13944157448000,15132381470000,16556651083000,18265190258000,19517863172000,17951573570000,19410614486000,22024515001000
GDP (current LCU),NY.GDP.MKTP.CN,Poland,POL,62678860800,748483000000,781548000000,812214000000,847152000000,933091000000,990530000000,1069431000000,1187508000000,1285571000000,1372025000000,1434368000000,1553641000000,1612739000000,1630126000000,1700552000000,1798471000000,1853205000000,1982794000000,2126506000000,2288492000000,2337672000000,2631302000000,3067495000000
GDP (current LCU),NY.GDP.MKTP.CN,Portugal,PRT,55973426000,128414445000,135775009000,142554263000,146067858000,152248388000,158552704000,166260469000,175483401000,179102781000,175416437000,179610779000,176096171000,168295569000,170492269000,173053691000,179713159000,186489811000,195947210000,205184124000,214374620000,200518859000,216053209000,242340811000
GDP (current LCU),NY.GDP.MKTP.CN,Puerto Rico,PRI,30603919000,61701800000,69208400000,71623500000,74827400000,80322313000,83914521300,87276164400,89524131600,93639300000,96385600000,98381300000,100351700000,101564800000,102450000000,102445800000,103375500000,104336700000,103445500000,100958100000,105126400000,103130900000,106368900000,113434800000
GDP (current LCU),NY.GDP.MKTP.CN,Qatar,QAT,26791999500,64646000000,63840000000,70484000000,85663000000,115512000000,162091000000,221611000000,290152000000,419583000000,355986000000,455445195100,610701977800,680073948600,723368620400,750657538800,588733438300,552305142000,586400804900,667339231900,641991414388.257,525657362576.784,654224514779.639,859980222336.338
GDP (current LCU),NY.GDP.MKTP.CN,Romania,ROU,85790000,80873100000,117391400000,152271500000,191917600000,244688300000,286861900000,342762600000,425691100000,539834600000,530894400000,540336300000,587203300000,621268700000,631602900000,668876400000,712543600000,752116400000,851619700000,959058600000,1063794600000,1066780500000,1189089800000,1409783900000
GDP (current LCU),NY.GDP.MKTP.CN,Russian Federation,RUS,644200000,7305646300000,8943582400000,10830500000000,13208233779000,17027190860000,21609765489000,26917201375000,33247513229000,41276849187000,38807218575000,46308541190000,60114000000000,68103400000000,72985700000000,79030000000000,83087400000000,85616100000000,91843200000000,103861700000000,109608300000000,107658100000000,135295000000000,153435200000000
GDP (current LCU),NY.GDP.MKTP.CN,Rwanda,RWA,213460992000,806264000000,871241000000,934621000000,1149697000000,1372390000000,1636651000000,1831664000000,2226515000000,2832801000000,3224939000000,3571803000000,4133406000000,4702715000000,5057173000000,5623128000000,6150928000000,6845994000000,7694234000000,8297715000000,9304974000000,9595310000000,10928770000000,13714936000000
GDP (current LCU),NY.GDP.MKTP.CN,Samoa,WSM,290457200,822127100,912608700,978472000,1055702000,1165266700,1292275900,1389438100,1500746900,1695847600,1714959100,1726339600,1776475900,1779035300,1822730200,1850411400,1997846300,2205778900,2243618500,2254415800,2390088800,2344130500,2169453400,2170167100
GDP (current LCU),NY.GDP.MKTP.CN,San Marino,SMR,..,1091000000,1183000000,1215000000,1293000000,1379000000,1436000000,1521000000,1597000000,1634000000,1480000000,1419000000,1303000000,1249000000,1264000000,1260000000,1279300507.3,1326532027.7,1353143902.3,1401708778.9,1443741367.8,1352406806.4,1568726185.4,..
GDP (current LCU),NY.GDP.MKTP.CN,Sao Tome and Principe,STP,..,..,671568200,774062400,954255200,1134630900,1440642000,1777356300,2018965300,2763009000,3252518700,3529459900,4020537800,4406551600,4965786300,5450233900,5783392800,6511836700,7056330100,8022222000,9105669600,10210772000,10942038900,12734294800
GDP (current LCU),NY.GDP.MKTP.CN,Saudi Arabia,SAU,440525329710.305,710680913335,690515691468.235,711022200901.934,809278707166.59,970283486358.78,1230771342334.88,1411491008274.13,1558827275014.37,1949237769866.73,1609117122296.3,1980777369487.02,2537379664773.92,2781937443537.21,2826992037863.43,2874772300201.6,2510566429983.34,2497499548853.22,2681230106218.69,3174689219409.86,3144617644856.77,2753516939793.71,3278085434625.49,4157143189820.18
GDP (current LCU),NY.GDP.MKTP.CN,Senegal,SEN,2012300161500,4270611957000,4766315891400,4860433962900,5084959063800,5313888669800,5804604948700,6111292249300,6698104789500,7516880064900,7593295291500,7976734607700,8394956688200,9016869323200,9343922875900,9775039000000,10508650000000,11283396000000,12191796000000,12840090000000,13712659000000,14119420000000,15287932000000,17268328701762.3
GDP (current LCU),NY.GDP.MKTP.CN,Serbia,SRB,..,434319000000,867237600000,1102557300000,1294656000000,1526204700000,1846853200000,2181034600000,2523495500000,2908444700000,3052135500000,3250581300000,3612266600000,3810057900000,4121200200000,4160548500000,4315020400000,4528191900000,4760686400000,5072932200000,5421851300000,5504430600000,6271987600000,7097629200000
GDP (current LCU),NY.GDP.MKTP.CN,Seychelles,SYC,2092937708.06,3738049900,3878068600,4066923400,4055113400,4911567200,5378446600,5969222800,7219111000,9264290600,11582934700,11849547500,13114607300,14935758700,15976247300,17687482800,18525367600,19431980000,20878103600,22088255300,23085967200,20849421200,21771431200,22670999300
GDP (current LCU),NY.GDP.MKTP.CN,Sierra Leone,SLE,98386000,1330312000,2134870000,2594859000,3215885000,3863445400,4701528500,5515419000,6348534000,7310366000,8189938000,10256144000,12752936000,16460653000,21317382500,22689470000,21583301000,24296285000,27465977000,32401624000,36730875000,39938072000,44359567000,57519000000
GDP (current LCU),NY.GDP.MKTP.CN,Singapore,SGP,70492300000,165632400000,160885600000,165698100000,170117900000,194433000000,212723000000,236158800000,272697600000,273941600000,282394500000,326980100000,351367900000,368770500000,384870300000,398947900000,423444100000,440754700000,474034100000,508337400000,514066000000,480691200000,569364200000,643545800000
GDP (current LCU),NY.GDP.MKTP.CN,Sint Maarten (Dutch part),SXM,..,..,..,..,..,..,..,..,..,..,1530400000,1597200000,1675600000,1764700000,1831000000,2437642622.2396,2538020794.80331,2554360791.36468,2422249733.17854,2253968792.42537,2520106033.33664,2213206255.00381,2421997197.8747,2751388816.78566
GDP (current LCU),NY.GDP.MKTP.CN,Slovak Republic,SVK,10039837000,31661067000,34365528000,37329500000,41479498000,46175205000,50485664000,56361425000,63163352000,68590534000,64095519000,68764947000,71785846000,73649257000,74492793000,76354524000,80126048000,81265197000,84669877000,89874693000,94429734000,93444096000,100255721000,109645184000
GDP (current LCU),NY.GDP.MKTP.CN,Slovenia,SVN,..,18853122000,21147702000,23548615000,25613283000,27628189000,29113563000,31470341000,35073456000,37925698000,36254927000,36363909000,37058569000,36253272000,36454333000,37634292000,38852641000,40443217000,43011339000,45876350000,48582307000,47044922000,52278764000,57037703000
GDP (current LCU),NY.GDP.MKTP.CN,Solomon Islands,SLB,543378990.63,2136550400,2161380000,2337820100,3135000000,3502900000,4163000000,4697000000,5320400000,6015000000,6488800000,7243000000,8129500000,8717500000,9389900000,9850300000,10351700000,10964400000,11592800000,12847100000,13234000000,12617000000,12690000000,13026000000
GDP (current LCU),NY.GDP.MKTP.CN,Somalia,SOM,1738780049400,..,..,..,..,..,..,..,..,..,..,..,..,..,112540665854569,132257041524769,155444777466069,170444962549149,190619251814741,198297824281630,236111333948880,237107860410973,256190303967204,279582544474875
GDP (current LCU),NY.GDP.MKTP.CN,South Africa,ZAF,326127000000,1053138033600,1165940572900,1360679275100,1490399020800,1652434096800,1837001382600,2057593909300,2346649864200,2611630824700,2794228410100,3055613201500,3327047014300,3566385035100,3868630208400,4133873023400,4420792525200,4759554544700,5078189924615.49,5363190430704.65,5625206549453.78,5567973607787.79,6208785872467.49,6628550449410.61
GDP (current LCU),NY.GDP.MKTP.CN,South Sudan,SSD,..,..,..,..,..,..,..,..,..,30504231700,28251774800,33656316700,44557946400,35197842900,54358083600,41188527900,43242473500,..,..,..,..,..,..,..
GDP (current LCU),NY.GDP.MKTP.CN,Spain,ESP,328695793000,647851000000,700993000000,749552000000,802266000000,859437000000,927357000000,1003823000000,1075539000000,1109541000000,1069323000000,1072709000000,1063763000000,1031104000000,1020677000000,1032608000000,1078092000000,1114420000000,1162492000000,1203859000000,1245513000000,1119010000000,1222290000000,1346377000000
GDP (current LCU),NY.GDP.MKTP.CN,Sri Lanka,LKA,321784000000,1257636000000,1407398000000,1581885000000,1822468000000,2090841000000,2452782000000,2938680000000,3578688000000,4410682000000,4835293000000,6629667061900,7491155943000,8989301155300,9938390010500,10775312269000,11566987369000,12812974760000,14387319019000,15351933461000,15910975628000,15671535000000,17600191000000,24147726000000
GDP (current LCU),NY.GDP.MKTP.CN,St. Kitts and Nevis,KNA,586600000,1137440000,1237100000,1297610000,1267380000,1368630000,1477450000,1739920000,1861070000,2099766600,2090537400,2102540000,2257450000,2228530000,2362220000,2573550000,2583970000,2719840000,2857590000,2905850000,2989320000,2386620000,2318200000,2607224935.28904
GDP (current LCU),NY.GDP.MKTP.CN,St. Lucia,LCA,1565000000,2518000000,2410000000,2430000000,2666000000,2880000000,3066000000,3424461800,3607439800,3881874000,3784071300,4002440000,4234600000,4315160000,4482600000,4723080000,4879510000,5036740000,5391120000,5554080000,5676841800,4332000000,5295000000,6328000000
GDP (current LCU),NY.GDP.MKTP.CN,St. Martin (French part),MAF,..,..,..,..,..,..,..,..,..,..,..,..,557400000,..,..,581800000,..,..,..,..,582600000,..,548900000,..
GDP (current LCU),NY.GDP.MKTP.CN,St. Vincent and the Grenadines,VCT,648990000,1155454300,1247595300,1316962400,1374545400,1484730500,1565862100,1737453100,1926711000,1978190800,1928610700,1945209300,1927250200,1971088000,2064909400,2081430000,2123700000,2198620000,2278900000,2387690000,2459070000,2346600000,2355000000,2561110000
GDP (current LCU),NY.GDP.MKTP.CN,Sudan,SDN,151385500,31516274000,40658558000,47756111000,55733784000,68721385000,85707127000,98291904100,119837265800,135511711800,134214714600,170992636300,209070555400,225797519800,314075332000,440699062700,512094910900,639455640000,866955977500,1315984861600,1956453789500,4066002900000,13387162837000,28755203772000
GDP (current LCU),NY.GDP.MKTP.CN,Suriname,SUR,3884000,1250927000,1818729000,2569900000,3314169000,4057509000,4899000000,7206000000,8061000000,9698000000,10638000000,11993000000,14452000000,16434000000,16981000000,17294000000,17514647000,20662992000,26893278000,29821678000,31732343000,38719469000,60703614000,89471626000
GDP (current LCU),NY.GDP.MKTP.CN,Sweden,SWE,1549815256000,2408151000000,2503731000000,2598336000000,2703551000000,2830194000000,2931085000000,3121668000000,3320278000000,3412253000000,3341167000000,3573581000000,3727905000000,3743086000000,3822671000000,3992730000000,4260470000000,4415031000000,4625094000000,4828306000000,5049619000000,5038538000000,5486558000000,5979430000000
GDP (current LCU),NY.GDP.MKTP.CN,Switzerland,CHE,369198757000,471540038000,483636918000,482077197000,487606519000,502265680000,520848315000,553721552000,589085155000,614407719000,603039074000,624545119000,635738744000,643645589000,654611669000,665618374000,668006382000,677848331000,684558467000,709521556000,716878590000,696619959000,743330231000,781460269000
GDP (current LCU),NY.GDP.MKTP.CN,Syrian Arab Republic,SYR,268328000000,904623000000,974008000000,1016519000000,1074163000000,1266891000000,1506438000000,1726404000000,2020838000000,2448060000000,2520705000000,2834517000000,3252720000000,3024842000000,2937560710383.85,3612014850519.7,4783661000000,6128044000000,8348139000000,9580729000000,11620863000000,17266450000000,25936805000000,..
GDP (current LCU),NY.GDP.MKTP.CN,Tajikistan,TJK,72900,1786700000,2563800000,3375300000,4761400000,6167300000,7206600000,9335200000,12804400000,17707000000,20628500000,24707100000,30071100000,36163100000,40250200000,44994100000,50977800000,54790300000,64434300000,71059200000,79109800000,83958300000,101076300000,115739400000
GDP (current LCU),NY.GDP.MKTP.CN,Tanzania,TZA,830693000000,10706245169000,11903111922000,13669447866000,15809158455000,18165690931000,20771312305000,23347422032000,27195969081000,33450674683000,38397086967000,44679884234000,53976186599000,62318659036800,72977199824200,82603387740700,94349315691600,108362324289500,118742132825000,129043901311200,139641854498000,151571350271500,162349974723800,174366063625900
GDP (current LCU),NY.GDP.MKTP.CN,Thailand,THA,2183544963100,5069820000000,5345001000000,5769578000000,6317303000000,6954282000000,7614411000000,8400644000000,9076301000000,9706929000000,9658667000000,10808145000000,11306906000000,12357342000000,12915158000000,13230304000000,13743480000000,14590337000000,15488664000000,16373343000000,16889174000000,15661146000000,16166597000000,17370236000000
GDP (current LCU),NY.GDP.MKTP.CN,Timor-Leste,TLS,..,366924300,477443500,469455500,490439100,440772000,462268000,453792400,542795400,648523600,726937800,881909300,1042534600,1160555000,1395727400,1447535200,1595205100,1652603700,1598208400,1566157200,2027034000,2162619200,3621958000,3204753000
GDP (current LCU),NY.GDP.MKTP.CN,Togo,TGO,443363491800,1059553000000,1085734000000,1183959000000,1226968000000,1191780000000,1202931000000,1228528000000,1799645000000,2042166000000,2220673000000,2348485000000,2555317000000,2763918000000,2974130000000,3156746000000,3402694000000,3597808000000,3708901000000,3904353000000,4097073000000,4308855000000,4681964675890.71,5202920162584.83
GDP (current LCU),NY.GDP.MKTP.CN,Tonga,TON,147156000,335769000,354482100,398388300,444033200,471857000,507442300,587065100,597833900,654689900,651525500,707597700,759448300,797813300,781325900,797192400,849146800,932589900,1017668100,1072556000,1163344000,1119952000,1068862000,..
GDP (current LCU),NY.GDP.MKTP.CN,Trinidad and Tobago,TTO,21539000000,51370700000,55007200000,56290000000,71169000000,83652453000,100681986600,115951081100,136952500000,175287200000,121281200000,141268000000,163007800000,175750425600,184966973200,190335219800,172361534100,158205759600,162981213700,166352323400,160588577300,140473994700,165559635400,202984851800
GDP (current LCU),NY.GDP.MKTP.CN,Tunisia,TUN,10815700000,29433400000,31746400000,32901200000,35373200000,38838500000,41871000000,45756200000,49864500000,55273200000,58677200000,66139400000,67747200000,73895300000,79097200000,85345200000,89802200000,95286900000,102011500000,112985700000,122969000000,119632900000,130466100000,143767900000
GDP (current LCU),NY.GDP.MKTP.CN,Turkiye,TUR,393060200,171494210000,247266207500,362109647600,472171775300,582852798800,680275847300,795757108800,887714413800,1002756496300,1006372481600,1167664479200,1404927614900,1581479250900,1823427315100,2054897827700,2350941343300,2626559709600,3133704267400,3761166000000,4317810000000,5048568000000,7256142000000,15011776000000
GDP (current LCU),NY.GDP.MKTP.CN,Turkmenistan,TKM,3000,5223000000,7211000000,9048000000,11881000000,14764000000,17861000000,22249000000,27000000000,49470000000,57611000000,64362000000,83315000000,100218000000,111713000000,124044000000,125299000000,126593000000,132742000000,142679000000,158315000000,160363000000,175026000000,197900000000
GDP (current LCU),NY.GDP.MKTP.CN,Turks and Caicos Islands,TCA,..,319443300,358744800,366707900,409753600,485598800,578645800,721891500,773489700,862683600,703175800,686787800,728789600,727161000,754238000,841070000,942070000,1032452000,1022365000,1113178000,1197415000,924583000,1044778790,1138808881.1
GDP (current LCU),NY.GDP.MKTP.CN,Tuvalu,TUV,11305000,26000000,27000000,31000000,30000000,31000000,30000000,32000000,34000000,38000000,36000000,35000000,38000000,38000000,40000000,43000000,49000000,56000000,59075000,64264200,77856600,75192200,80134900,85153295.5818797
GDP (current LCU),NY.GDP.MKTP.CN,Uganda,UGA,1375747000000,9364317417900,10296365610000,10840666713000,12443497237000,15362227054000,16050626596000,18209404509000,21186563444000,24497446507000,48495172152000,54117241671000,64759582821000,69825188690000,74924152556000,82771227577000,91582107734000,100548527460000,108518040920000,120484777460000,132089774790000,139689045108218,148310247630358,162749947272871
GDP (current LCU),NY.GDP.MKTP.CN,Ukraine,UKR,1670000,176128000000,211175000000,234138000000,277355000000,357544000000,457325000000,565018000000,751106000000,990819000000,947042000000,1120585000000,1349178000000,1459096000000,1522657000000,1586915000000,1988544000000,2385367000000,2981227000000,3560302000000,3977198000000,4222026000000,5450849000000,5191028000000
GDP (current LCU),NY.GDP.MKTP.CN,United Arab Emirates,ARE,186125000000,383179000000,379412000000,403300000000,456662000000,542885000000,663317651100,815723000000,947197000000,1158580526300,931152675000,1102444296018.82,1325158236028.17,1412480685472.86,1469802550498.05,1520801959422.1,1359836661959.71,1356090185600.87,1434172962750.6,1568339039568.47,1535067253069.93,1283439648824.91,1524744116447.4,1862192423483.74
GDP (current LCU),NY.GDP.MKTP.CN,United Kingdom,GBR,615673000000,1100752000000,1146135000000,1191439000000,1258334000000,1322637000000,1398749000000,1472038000000,1544637000000,1593600000000,1548802000000,1608553000000,1662590000000,1713715000000,1781361000000,1862514000000,1916451000000,1991645000000,2082482000000,2152304000000,2233921000000,2104288000000,2284079000000,2506170000000
GDP (current LCU),NY.GDP.MKTP.CN,United States,USA,5963144000000,10250947997000,10581929774000,10929112955000,11456442041000,12217193198000,13039199193000,13815586948000,14474226905000,14769857911000,14478064934000,15048964444000,15599728123000,16253972230000,16843190993000,17550680174000,18206020741000,18695110842000,19477336549000,20533057312000,21380976119000,21060473613000,23315080560000,25439700000000
GDP (current LCU),NY.GDP.MKTP.CN,Uruguay,URY,10874807000,276152265900,278353052800,289233255700,339791593800,392849675900,425018448100,475242288900,558558125600,651934418500,738160788900,841493831900,972323702000,1101488513300,1256293128100,1429541899800,1576251491900,1733770027600,1864139425700,2003381204000,2187546154200,2254723478800,2674700801500,2930192283800
GDP (current LCU),NY.GDP.MKTP.CN,Uzbekistan,UZB,32430400,3255600000000,4925300000000,7450200000000,9844000000000,12261000000000,15923400000000,21124900000000,28190000000000,38969800000000,49375600000000,78936618900000,103232580000000,127590235500000,153311335300000,186829495500000,221350905700000,255421861800000,317476369300000,426640955000000,532712512000000,605514885600000,738425246300000,888341676200000
GDP (current LCU),NY.GDP.MKTP.CN,Vanuatu,VUT,19769000000,37441000000,37480000000,36553000000,38425000000,40803000000,43148000000,48611000000,52898000000,59863000000,63257000000,64996000000,68905000000,69278000000,71692000000,74970000000,79657000000,84707000000,94889000000,100772000000,107450000000,104929000000,106348000000,121792000000
GDP (current LCU),NY.GDP.MKTP.CN,"Venezuela, RB",VEN,2279261000,79655692000,88945596000,107840166000,134227833000,212683082000,304086815000,393926240000,494591535000,677593637000,707262549000,1016834748000,1357487061000,1635451060000,2245843966000,3031242431000,..,..,..,..,..,..,..,..
GDP (current LCU),NY.GDP.MKTP.CN,Viet Nam,VNM,41955000000000,441646000000000,481295000000000,535762000000000,613443000000000,715307000000000,914001000000000,1.061565E+15,1.246769E+15,1.616047E+15,1.809149E+15,2.73984317E+15,3.53988131E+15,4.07376229E+15,4.4736556E+15,4.93703168E+15,5.19132373E+15,5.639401E+15,6.29390455E+15,7.00904213E+15,7.70720029E+15,8.04438573E+15,8.4796665E+15,9.51332703E+15
GDP (current LCU),NY.GDP.MKTP.CN,Virgin Islands (U.S.),VIR,..,..,..,3262000000,3443000000,3797000000,4428000000,4484000000,4784000000,4244000000,4201000000,4324000000,4223000000,4089000000,3738000000,3565000000,3663000000,3798000000,3794000000,3923000000,4121000000,4189000000,4444000000,..
GDP (current LCU),NY.GDP.MKTP.CN,West Bank and Gaza,PSE,..,4313600000,4003700000,3555800000,3968000000,4603100000,5125700000,5348300000,5815700000,7310400000,8085700000,9681500000,11186100000,12208400000,13515500000,13989700000,13972400000,15405400000,16128000000,16276600000,17133500000,15531700000,18109000000,19111900000
GDP (current LCU),NY.GDP.MKTP.CN,"Yemen, Rep.",YEM,147958000000,1558370000000,1662101000000,1878007000000,2160608000000,2563490000000,3208501000000,3760038227200,4308635620035.19,5375824693564.19,5097593176225.44,6786813130000,6996908142379.33,7586549615569.48,8684829513079.57,9289390699712.95,9797602983866.96,8891000000000,10006000000000,11578730912289.8,..,..,..,..
GDP (current LCU),NY.GDP.MKTP.CN,Zambia,ZMB,113340000,11201004800,14784761400,18447049600,23201878000,29729908100,37189302500,45964238300,56262974300,67088703200,77348348100,97215915400,114029665900,131271902900,151331000000,167053000000,183381000000,216098000000,246252000000,275174504800,300448727700,332223232700,442336835135.659,493964301363.68
GDP (current LCU),NY.GDP.MKTP.CN,Zimbabwe,ZWE,8783816700,6689957600,6777384700,6342116400,5727591800,5805598400,5755215200,5443896500,5291950100,4415702800,9665793300,12041655200,14101920300,17114849900,19091020000,19495519600,19963120600,20548678100,22040902300,69613486100,212174391857.959,1378795328535.27,3189937242139.69,12388437831195.4
GDP (current LCU),NY.GDP.MKTP.CN,Africa Eastern and Southern,AFE,..,..,..,..,..,..,..,..,..,..,..,..,..,..,..,..,..,..,..,..,..,..,..,..
GDP (current LCU),NY.GDP.MKTP.CN,Africa Western and Central,AFW,..,..,..,..,..,..,..,..,..,..,..,..,..,..,..,..,..,..,..,..,..,..,..,..
GDP (current LCU),NY.GDP.MKTP.CN,Arab World,ARB,..,..,..,..,..,..,..,..,..,..,..,..,..,..,..,..,..,..,..,..,..,..,..,..
GDP (current LCU),NY.GDP.MKTP.CN,Caribbean small states,CSS,..,..,..,..,..,..,..,..,..,..,..,..,..,..,..,..,..,..,..,..,..,..,..,..
GDP (current LCU),NY.GDP.MKTP.CN,Central Europe and the Baltics,CEB,..,..,..,..,..,..,..,..,..,..,..,..,..,..,..,..,..,..,..,..,..,..,..,..
GDP (current LCU),NY.GDP.MKTP.CN,Early-demographic dividend,EAR,..,..,..,..,..,..,..,..,..,..,..,..,..,..,..,..,..,..,..,..,..,..,..,..
GDP (current LCU),NY.GDP.MKTP.CN,East Asia & Pacific,EAS,..,..,..,..,..,..,..,..,..,..,..,..,..,..,..,..,..,..,..,..,..,..,..,..
GDP (current LCU),NY.GDP.MKTP.CN,East Asia & Pacific (excluding high income),EAP,..,..,..,..,..,..,..,..,..,..,..,..,..,..,..,..,..,..,..,..,..,..,..,..
GDP (current LCU),NY.GDP.MKTP.CN,East Asia & Pacific (IDA & IBRD countries),TEA,..,..,..,..,..,..,..,..,..,..,..,..,..,..,..,..,..,..,..,..,..,..,..,..
GDP (current LCU),NY.GDP.MKTP.CN,Euro area,EMU,..,..,..,..,..,..,..,..,..,..,..,..,..,..,..,..,..,..,..,..,..,..,..,..
GDP (current LCU),NY.GDP.MKTP.CN,Europe & Central Asia,ECS,..,..,..,..,..,..,..,..,..,..,..,..,..,..,..,..,..,..,..,..,..,..,..,..
GDP (current LCU),NY.GDP.MKTP.CN,Europe & Central Asia (excluding high income),ECA,..,..,..,..,..,..,..,..,..,..,..,..,..,..,..,..,..,..,..,..,..,..,..,..
GDP (current LCU),NY.GDP.MKTP.CN,Europe & Central Asia (IDA & IBRD countries),TEC,..,..,..,..,..,..,..,..,..,..,..,..,..,..,..,..,..,..,..,..,..,..,..,..
GDP (current LCU),NY.GDP.MKTP.CN,European Union,EUU,..,..,..,..,..,..,..,..,..,..,..,..,..,..,..,..,..,..,..,..,..,..,..,..
GDP (current LCU),NY.GDP.MKTP.CN,Fragile and conflict affected situations,FCS,..,..,..,..,..,..,..,..,..,..,..,..,..,..,..,..,..,..,..,..,..,..,..,..
GDP (current LCU),NY.GDP.MKTP.CN,Heavily indebted poor countries (HIPC),HPC,..,..,..,..,..,..,..,..,..,..,..,..,..,..,..,..,..,..,..,..,..,..,..,..
GDP (current LCU),NY.GDP.MKTP.CN,High income,HIC,..,..,..,..,..,..,..,..,..,..,..,..,..,..,..,..,..,..,..,..,..,..,..,..
GDP (current LCU),NY.GDP.MKTP.CN,IBRD only,IBD,..,..,..,..,..,..,..,..,..,..,..,..,..,..,..,..,..,..,..,..,..,..,..,..
GDP (current LCU),NY.GDP.MKTP.CN,IDA & IBRD total,IBT,..,..,..,..,..,..,..,..,..,..,..,..,..,..,..,..,..,..,..,..,..,..,..,..
GDP (current LCU),NY.GDP.MKTP.CN,IDA blend,IDB,..,..,..,..,..,..,..,..,..,..,..,..,..,..,..,..,..,..,..,..,..,..,..,..
GDP (current LCU),NY.GDP.MKTP.CN,IDA only,IDX,..,..,..,..,..,..,..,..,..,..,..,..,..,..,..,..,..,..,..,..,..,..,..,..
GDP (current LCU),NY.GDP.MKTP.CN,IDA total,IDA,..,..,..,..,..,..,..,..,..,..,..,..,..,..,..,..,..,..,..,..,..,..,..,..
GDP (current LCU),NY.GDP.MKTP.CN,Late-demographic dividend,LTE,..,..,..,..,..,..,..,..,..,..,..,..,..,..,..,..,..,..,..,..,..,..,..,..
GDP (current LCU),NY.GDP.MKTP.CN,Latin America & Caribbean,LCN,..,..,..,..,..,..,..,..,..,..,..,..,..,..,..,..,..,..,..,..,..,..,..,..
GDP (current LCU),NY.GDP.MKTP.CN,Latin America & Caribbean (excluding high income),LAC,..,..,..,..,..,..,..,..,..,..,..,..,..,..,..,..,..,..,..,..,..,..,..,..
GDP (current LCU),NY.GDP.MKTP.CN,Latin America & the Caribbean (IDA & IBRD countries),TLA,..,..,..,..,..,..,..,..,..,..,..,..,..,..,..,..,..,..,..,..,..,..,..,..
GDP (current LCU),NY.GDP.MKTP.CN,Least developed countries: UN classification,LDC,..,..,..,..,..,..,..,..,..,..,..,..,..,..,..,..,..,..,..,..,..,..,..,..
GDP (current LCU),NY.GDP.MKTP.CN,Low & middle income,LMY,..,..,..,..,..,..,..,..,..,..,..,..,..,..,..,..,..,..,..,..,..,..,..,..
GDP (current LCU),NY.GDP.MKTP.CN,Low income,LIC,..,..,..,..,..,..,..,..,..,..,..,..,..,..,..,..,..,..,..,..,..,..,..,..
GDP (current LCU),NY.GDP.MKTP.CN,Lower middle income,LMC,..,..,..,..,..,..,..,..,..,..,..,..,..,..,..,..,..,..,..,..,..,..,..,..
GDP (current LCU),NY.GDP.MKTP.CN,Middle East & North Africa,MEA,..,..,..,..,..,..,..,..,..,..,..,..,..,..,..,..,..,..,..,..,..,..,..,..
GDP (current LCU),NY.GDP.MKTP.CN,Middle East & North Africa (excluding high income),MNA,..,..,..,..,..,..,..,..,..,..,..,..,..,..,..,..,..,..,..,..,..,..,..,..
GDP (current LCU),NY.GDP.MKTP.CN,Middle East & North Africa (IDA & IBRD countries),TMN,..,..,..,..,..,..,..,..,..,..,..,..,..,..,..,..,..,..,..,..,..,..,..,..
GDP (current LCU),NY.GDP.MKTP.CN,Middle income,MIC,..,..,..,..,..,..,..,..,..,..,..,..,..,..,..,..,..,..,..,..,..,..,..,..
GDP (current LCU),NY.GDP.MKTP.CN,North America,NAC,..,..,..,..,..,..,..,..,..,..,..,..,..,..,..,..,..,..,..,..,..,..,..,..
GDP (current LCU),NY.GDP.MKTP.CN,Not classified,INX,..,..,..,..,..,..,..,..,..,..,..,..,..,..,..,..,..,..,..,..,..,..,..,..
GDP (current LCU),NY.GDP.MKTP.CN,OECD members,OED,..,..,..,..,..,..,..,..,..,..,..,..,..,..,..,..,..,..,..,..,..,..,..,..
GDP (current LCU),NY.GDP.MKTP.CN,Other small states,OSS,..,..,..,..,..,..,..,..,..,..,..,..,..,..,..,..,..,..,..,..,..,..,..,..
GDP (current LCU),NY.GDP.MKTP.CN,Pacific island small states,PSS,..,..,..,..,..,..,..,..,..,..,..,..,..,..,..,..,..,..,..,..,..,..,..,..
GDP (current LCU),NY.GDP.MKTP.CN,Post-demographic dividend,PST,..,..,..,..,..,..,..,..,..,..,..,..,..,..,..,..,..,..,..,..,..,..,..,..
GDP (current LCU),NY.GDP.MKTP.CN,Pre-demographic dividend,PRE,..,..,..,..,..,..,..,..,..,..,..,..,..,..,..,..,..,..,..,..,..,..,..,..
GDP (current LCU),NY.GDP.MKTP.CN,Small states,SST,..,..,..,..,..,..,..,..,..,..,..,..,..,..,..,..,..,..,..,..,..,..,..,..
GDP (current LCU),NY.GDP.MKTP.CN,South Asia,SAS,..,..,..,..,..,..,..,..,..,..,..,..,..,..,..,..,..,..,..,..,..,..,..,..
GDP (current LCU),NY.GDP.MKTP.CN,South Asia (IDA & IBRD),TSA,..,..,..,..,..,..,..,..,..,..,..,..,..,..,..,..,..,..,..,..,..,..,..,..
GDP (current LCU),NY.GDP.MKTP.CN,Sub-Saharan Africa,SSF,..,..,..,..,..,..,..,..,..,..,..,..,..,..,..,..,..,..,..,..,..,..,..,..
GDP (current LCU),NY.GDP.MKTP.CN,Sub-Saharan Africa (excluding high income),SSA,..,..,..,..,..,..,..,..,..,..,..,..,..,..,..,..,..,..,..,..,..,..,..,..
GDP (current LCU),NY.GDP.MKTP.CN,Sub-Saharan Africa (IDA & IBRD countries),TSS,..,..,..,..,..,..,..,..,..,..,..,..,..,..,..,..,..,..,..,..,..,..,..,..
GDP (current LCU),NY.GDP.MKTP.CN,Upper middle income,UMC,..,..,..,..,..,..,..,..,..,..,..,..,..,..,..,..,..,..,..,..,..,..,..,..
GDP (current LCU),NY.GDP.MKTP.CN,World,WLD,..,..,..,..,..,..,..,..,..,..,..,..,..,..,..,..,..,..,..,..,..,..,..,..
,,,,,,,,,,,,,,,,,,,,,,,,,,,
,,,,,,,,,,,,,,,,,,,,,,,,,,,
,,,,,,,,,,,,,,,,,,,,,,,,,,,
Data from database: World Development Indicators,,,,,,,,,,,,,,,,,,,,,,,,,,,
Last Updated: 12/18/2023,,,,,,,,,,,,,,,,,,,,,,,,,,,
